ID,width,height,image_mode,mask_mode,same_size,foreground_ratio
5189.PNG,555,446,L,L,True,0.1438451904819618
2090.PNG,610,477,L,L,True,0.05493693507921779
5156.PNG,504,431,L,L,True,0.06966081096011491
8303.PNG,506,338,L,L,True,0.025568912692658513
9650.PNG,1100,687,L,L,True,0.005343390234219928
9079.PNG,504,431,L,L,True,0.02462435090045299
6958.PNG,610,460,L,L,True,0.0135424091233072
4820.PNG,858,588,L,L,True,0.08254245754245754
5738.PNG,504,482,L,L,True,0.10605199894618982
4501.PNG,606,616,L,L,True,0.04928260683211178
1392.PNG,779,574,L,L,True,0.25644196750054793
1968.PNG,808,483,L,L,True,0.005450156816923928
5512.PNG,743,391,L,L,True,0.11270752083383533
8345.PNG,1013,815,L,L,True,0.008006346937663139
2160.PNG,611,471,L,L,True,0.025922489670965075
1905.PNG,738,663,L,L,True,0.3242631219675696
6592.PNG,1072,660,L,L,True,0.00812980551786522
8229.PNG,1031,660,L,L,True,0.016409487699497398
8801.PNG,508,480,L,L,True,0.05189058398950131
6235.PNG,809,554,L,L,True,0.31150236732071057
5402.PNG,702,562,L,L,True,0.008128783039815068
7071.PNG,930,600,L,L,True,0.034546594982078856
3587.PNG,526,377,L,L,True,0.024608929814121897
8244.PNG,650,600,L,1,True,0.25769230769230766
6380.PNG,976,600,L,L,True,0.2798633879781421
8102.PNG,504,462,L,L,True,0.03947210197210197
3549.PNG,526,377,L,L,True,0.06293431231152484
1054.PNG,875,629,L,L,True,0.2886286622757211
3090.PNG,856,546,L,L,True,0.01699274246003218
9748.PNG,701,440,L,L,True,0.036600311243677866
1423.PNG,629,514,L,L,True,0.01268457745912541
183.PNG,622,611,L,L,True,0.2887522957988854
1144.PNG,922,546,L,L,True,0.018388516761618713
7107.PNG,247,319,L,L,True,0.2728414960719861
5856.PNG,504,441,L,1,True,0.09665082964402692
100.PNG,623,564,L,L,True,0.21106690345275092
8056.PNG,640,488,L,L,True,0.02428919057377049
8771.PNG,817,545,L,L,True,0.034464869235174556
9025.PNG,504,286,L,L,True,0.04331779331779332
8821.PNG,504,480,L,L,True,0.008192791005291005
4375.PNG,365,362,L,L,True,0.03109816090214183
1651.PNG,809,547,L,L,True,0.036628604614901375
1679.PNG,505,478,L,L,True,0.45256224367206593
8422.PNG,507,482,L,L,True,0.05845139008241466
8264.PNG,1024,679,L,L,True,0.1074909103460972
1811.PNG,837,662,L,L,True,0.12437600840290637
4121.PNG,1024,466,L,L,True,0.12046925295064377
3769.PNG,858,588,L,L,True,0.00771847200418629
3747.PNG,858,588,L,L,True,0.0038493252778967063
2222.PNG,610,468,L,L,True,0.030989911727616646
3703.PNG,858,589,L,L,True,0.00904895896406932
3871.PNG,573,602,L,L,True,0.08617290822331611
1591.PNG,672,607,L,L,True,0.20369989017023613
8148.PNG,507,483,L,L,True,0.013369759189157183
7702.PNG,504,400,L,L,True,0.01640376984126984
6583.PNG,1058,702,L,L,True,0.17420925360433867
6359.PNG,837,499,L,L,True,0.028405676346719724
9504.PNG,996,702,L,L,True,0.08480074142724744
1932.PNG,479,427,L,L,True,0.1524888404316174
3352.PNG,752,528,L,L,True,0.025918258381689232
2117.PNG,610,376,L,L,True,0.014959016393442623
2822.PNG,857,581,L,L,True,0.06386606603108551
737.PNG,432,446,L,L,True,0.17185683441288824
2804.PNG,720,617,L,L,True,0.3917409508373852
4578.PNG,624,559,L,L,True,0.13477306086876747
7258.PNG,500,460,L,L,True,0.035456521739130435
2990.PNG,808,507,L,L,True,0.017812506102681275
7951.PNG,815,517,L,L,True,0.017166047632044237
4460.PNG,852,510,L,L,True,0.007419681487618522
587.PNG,806,548,L,L,True,0.057024415424462516
4021.PNG,854,600,L,L,True,0.04511709601873536
2489.PNG,880,575,L,L,True,0.01741106719367589
8890.PNG,504,420,L,L,True,0.018159486016628874
1150.PNG,846,512,L,1,True,0.08592364804964539
1863.PNG,739,664,L,L,True,0.2454085625315878
3018.PNG,812,547,L,L,True,0.038240379679577816
2156.PNG,610,477,L,L,True,0.03291748290201739
4159.PNG,1024,465,L,L,True,0.007421875
790.PNG,972,713,L,L,True,0.1913132939702988
3745.PNG,858,587,L,L,True,0.011476314713111987
3199.PNG,743,420,L,L,True,0.021688136896750625
4269.PNG,504,499,L,L,True,0.24852880363902408
1599.PNG,672,603,L,L,True,0.5094443457316592
6898.PNG,1024,580,L,L,True,0.013831829202586207
4516.PNG,712,564,L,L,True,0.007032432863176349
3463.PNG,526,377,L,L,True,0.03937428770259503
1042.PNG,806,548,L,L,True,0.05648330948542863
715.PNG,621,501,L,L,True,0.2296212727524018
3124.PNG,856,586,L,L,True,0.041047335013237214
7786.PNG,504,480,L,L,True,0.11174355158730159
888.PNG,776,599,L,L,True,0.2373306886047192
8223.PNG,1072,660,L,L,True,0.014925373134328358
5821.PNG,508,480,L,L,True,0.022662401574803148
372.PNG,859,581,L,L,True,0.009739940971269078
4632.PNG,797,574,L,L,True,0.007399262915375166
2070.PNG,610,477,L,L,True,0.01596728185036258
2509.PNG,859,588,L,L,True,0.22245452313637912
8572.PNG,701,461,L,L,True,0.035332233778209626
7976.PNG,508,480,L,L,True,0.013545767716535434
6372.PNG,760,600,L,L,True,0.13103728070175438
2830.PNG,857,581,L,L,True,0.020935216110315576
3181.PNG,1024,679,L,L,True,0.010208601804123712
8256.PNG,1031,660,L,L,True,0.044289157334744145
940.PNG,699,501,L,L,True,0.01699033977824037
2534.PNG,813,547,L,L,True,0.0694383543469804
6843.PNG,610,477,L,L,True,0.06013334708045503
2568.PNG,908,527,L,L,True,0.01989693134607829
6635.PNG,716,660,L,L,True,0.35574318605044863
2660.PNG,782,469,L,L,True,0.1213252335327382
5420.PNG,815,493,L,L,True,0.011102676738137607
2908.PNG,809,548,L,L,True,0.19243140580873927
934.PNG,609,477,L,L,True,0.06758510532095438
5840.PNG,587,480,L,L,True,0.2567965644520159
9029.PNG,800,563,L,L,True,0.03735346358792185
6947.PNG,611,477,L,L,True,0.036528082292835405
8999.PNG,621,481,L,L,True,0.020311281180846397
7984.PNG,504,312,L,L,True,0.009812525437525437
9721.PNG,760,600,L,L,True,0.04189473684210526
2720.PNG,832,663,L,L,True,0.31458478361758907
8854.PNG,508,480,L,L,True,0.005716863517060368
9472.PNG,948,680,L,L,True,0.0031692107222635888
6973.PNG,1024,580,L,L,True,0.030042766702586206
6145.PNG,1024,579,L,L,True,0.06507380721070812
3233.PNG,805,540,L,L,True,0.008937198067632851
9713.PNG,716,660,L,L,True,0.06917640088031149
2471.PNG,765,661,L,L,True,0.023442397634797742
2920.PNG,765,601,L,L,True,0.03120072210803345
59.PNG,812,442,L,L,True,0.09380224238236409
225.PNG,859,582,L,L,True,0.027121363049018077
9579.PNG,1031,660,L,L,True,0.017455838697351792
6161.PNG,609,477,L,L,True,0.07822219468283229
7722.PNG,504,372,L,L,True,0.05111793821471241
1264.PNG,365,425,L,L,True,0.012596293311845285
1174.PNG,630,499,L,L,True,0.3606387377930464
7186.PNG,616,479,L,L,True,0.25209784995797524
4727.PNG,555,477,L,L,True,0.029520086123859708
6523.PNG,896,660,L,L,True,0.014720305735930736
4049.PNG,760,587,L,L,True,0.007881287545951762
4440.PNG,712,557,L,1,True,0.03462318197405846
8363.PNG,817,548,L,L,True,0.008742149040909862
6419.PNG,1031,660,L,L,True,0.02376480616053846
6278.PNG,648,614,L,1,True,0.4416319821450115
5424.PNG,507,482,L,L,True,0.07560133238396884
2341.PNG,610,477,L,L,True,0.059439117434787095
8971.PNG,504,480,L,L,True,0.013078703703703703
6269.PNG,812,549,L,L,True,0.04960429621254946
9416.PNG,896,660,L,L,True,0.06101697781385281
3258.PNG,746,585,L,L,True,0.055605966866020484
1587.PNG,712,556,L,L,True,0.19489127798884487
8118.PNG,504,384,L,L,True,0.03197854662698413
7197.PNG,616,476,L,L,True,0.15504951980792317
6630.PNG,994,676,L,L,True,0.14722953103234793
2463.PNG,676,481,L,L,True,0.19179409268166664
6347.PNG,686,616,L,L,True,0.2982114459884139
6808.PNG,610,477,L,L,True,0.05439048699178609
6547.PNG,896,660,L,L,True,0.23204308712121213
3898.PNG,642,665,L,L,True,0.010816761529993207
914.PNG,791,562,L,L,True,0.05332229575608154
1980.PNG,610,477,L,L,True,0.03974980238512561
4610.PNG,858,590,L,L,True,0.012295049583185176
7910.PNG,504,361,L,L,True,0.057787011388119425
8414.PNG,504,380,L,L,True,0.048971386800334166
1345.PNG,680,616,L,L,True,0.12785045836516426
1196.PNG,720,500,L,L,True,0.22518611111111111
7563.PNG,506,483,L,L,True,0.012680136498662018
1370.PNG,836,668,L,L,True,0.23944395897200813
980.PNG,854,600,L,L,True,0.04227556596409055
705.PNG,573,392,L,L,True,0.03788243045909463
1987.PNG,504,478,L,L,True,0.10607192667862124
1710.PNG,1019,616,L,L,True,0.12041025706383901
4131.PNG,1024,465,L,L,True,0.017498319892473118
2083.PNG,610,477,L,L,True,0.0114101110080077
263.PNG,995,669,L,L,True,0.2299344254906821
6312.PNG,505,479,L,L,True,0.009843113747700449
3806.PNG,428,366,L,L,True,0.0338210510188448
8868.PNG,439,322,L,L,True,0.09781547560095644
47.PNG,744,474,L,L,True,0.05562361054398621
6556.PNG,650,600,L,L,True,0.16524358974358974
6822.PNG,808,557,L,L,True,0.024888013936043514
9662.PNG,1008,660,L,L,True,0.003587962962962963
4009.PNG,650,600,L,L,True,0.14272564102564103
9424.PNG,996,702,L,L,True,0.0088802503461138
8568.PNG,935,670,L,L,True,0.024182297070795753
8548.PNG,508,480,L,L,True,0.18856627296587927
7800.PNG,504,480,L,1,True,0.1255911044973545
2467.PNG,1024,604,L,L,True,0.014000090542218542
7139.PNG,852,498,L,L,True,0.09780907668231612
5956.PNG,504,393,L,L,True,0.0038066965547881577
2204.PNG,610,477,L,L,True,0.06866343609306802
605.PNG,809,547,L,L,True,0.07943993871504984
1823.PNG,762,500,L,L,True,0.2802992125984252
6059.PNG,815,525,L,L,True,0.010666666666666666
3105.PNG,857,568,L,L,True,0.05256832711555212
96.PNG,797,574,L,L,True,0.26088686231906233
9599.PNG,760,600,L,L,True,0.012410087719298246
9688.PNG,1031,660,L,L,True,0.025024248302618818
1329.PNG,712,564,L,L,True,0.05510399234998805
1956.PNG,852,458,L,L,True,0.18610205629702523
7992.PNG,640,487,L,L,True,0.006673511293634497
8508.PNG,504,329,L,L,True,0.013086795001688618
1746.PNG,623,499,L,L,True,0.3013603450882503
5815.PNG,504,480,L,L,True,0.24526703042328044
8558.PNG,438,315,L,1,True,0.14308182938319924
7760.PNG,504,480,L,L,True,0.051248346560846564
1212.PNG,504,500,L,L,True,0.43483333333333335
1302.PNG,624,564,L,L,True,0.005353246044735406
1088.PNG,744,350,L,L,True,0.40780721966205835
5024.PNG,617,480,L,L,True,0.058478525121555915
51.PNG,726,575,L,L,True,0.3060055096418733
8779.PNG,896,606,L,L,True,0.04070713991041961
8588.PNG,504,412,L,L,True,0.04323663122206812
982.PNG,650,600,L,L,True,0.06924871794871795
7067.PNG,507,483,L,1,True,0.048782878214316344
6815.PNG,506,478,L,L,True,0.006677195825822349
9114.PNG,640,487,L,L,True,0.014566221765913758
5797.PNG,508,480,L,L,True,0.0029978674540682413
2958.PNG,858,582,L,L,True,0.029512011470774358
9577.PNG,760,600,L,L,True,0.021232456140350877
7776.PNG,640,488,L,L,True,0.04038486168032787
6384.PNG,896,660,L,L,True,0.2466602408008658
6357.PNG,837,456,L,L,True,0.005507346622230606
4155.PNG,1024,523,L,L,True,0.03771062380497132
7633.PNG,618,480,L,L,True,0.029112729234088457
2621.PNG,537,661,L,L,True,0.029482444352414518
5795.PNG,508,480,L,L,True,0.028120898950131232
2970.PNG,858,581,L,L,True,0.02788376282352186
7812.PNG,508,480,L,1,True,0.032107119422572175
4047.PNG,760,600,L,L,True,0.17506798245614036
2208.PNG,506,478,L,L,True,0.01975457687664346
6399.PNG,896,660,L,L,True,0.025140354437229437
3143.PNG,896,660,L,L,True,0.00721387987012987
3195.PNG,592,582,L,L,True,0.5798562737995727
2481.PNG,528,416,L,L,True,0.11751984994172494
3332.PNG,743,582,L,L,True,0.00720123211832776
7941.PNG,504,424,L,L,True,0.042434112009583705
6464.PNG,1024,679,L,L,True,0.10990427098674521
497.PNG,745,580,L,L,True,0.16476047211293682
2434.PNG,610,477,L,L,True,0.021706705158607415
3414.PNG,525,363,L,L,True,0.007687262232716778
4383.PNG,365,425,L,L,True,0.11608058017727639
4263.PNG,673,390,L,L,True,0.035066864784546806
3296.PNG,752,589,L,L,True,0.02113436043781382
4414.PNG,772,616,L,L,True,0.025219113787766638
6197.PNG,699,501,L,L,True,0.004020571160968478
7040.PNG,506,446,L,L,True,0.09197256243464082
7615.PNG,504,480,L,L,True,0.00675843253968254
4781.PNG,874,431,L,L,True,0.0180836434878177
7183.PNG,638,482,L,L,True,0.0712971032401566
2256.PNG,610,407,L,L,True,0.04565593909856205
8807.PNG,408,309,L,L,True,0.04288025889967637
3362.PNG,744,580,L,L,True,0.12168845012977382
9202.PNG,610,471,L,L,True,0.00600744840068219
4706.PNG,627,577,L,L,True,0.05790551690396623
2664.PNG,809,547,L,L,True,0.05195662146374313
3390.PNG,526,377,L,L,True,0.10509223305866809
4694.PNG,836,506,L,L,True,0.02032310834578361
9593.PNG,940,600,L,L,True,0.0536063829787234
2820.PNG,653,601,L,L,True,0.22811393975839145
1940.PNG,538,311,L,L,True,0.2408766540360272
3625.PNG,768,527,L,L,True,0.010957760120177103
1349.PNG,856,428,L,L,True,0.04893986374355839
719.PNG,468,329,L,L,True,0.4329293637804276
966.PNG,650,600,L,L,True,0.022674358974358974
2270.PNG,504,478,L,L,True,0.011178355582121272
6786.PNG,808,557,L,L,True,0.017373393533249196
1210.PNG,720,500,L,L,True,0.31730555555555556
1809.PNG,615,611,L,L,True,0.0069804265964099905
2581.PNG,763,500,L,L,True,0.018794233289646134
9194.PNG,1008,660,L,L,True,0.04031234968734969
4798.PNG,837,499,L,L,True,0.035430478639477285
117.PNG,654,600,L,L,True,0.05094291539245668
3061.PNG,809,543,L,L,True,0.03126885157084093
4796.PNG,995,536,L,L,True,0.013517212930323258
4586.PNG,780,617,L,L,True,0.020290487470390226
1543.PNG,483,537,L,L,True,0.10167289326871547
5416.PNG,587,428,L,L,True,0.30248849687146745
4167.PNG,1024,465,L,L,True,0.011554939516129032
2213.PNG,610,477,L,L,True,0.062374127916967385
2215.PNG,610,416,L,L,True,0.018162831021437578
1671.PNG,699,501,L,L,True,0.0562080417134258
3961.PNG,503,471,L,L,True,0.00729381671752922
8028.PNG,508,349,L,L,True,0.034468560341132146
1181.PNG,720,500,L,L,True,0.0805638888888889
7794.PNG,640,487,L,L,True,0.012910677618069815
346.PNG,781,618,L,L,True,0.19589647327921633
6820.PNG,611,477,L,L,True,0.07984299032071011
978.PNG,759,599,L,L,True,0.038599686345930084
5940.PNG,613,487,L,L,True,0.02229584197286044
4714.PNG,846,512,L,L,True,0.053519318853427894
5160.PNG,504,403,L,L,True,0.02966343692150144
8134.PNG,616,480,L,1,True,0.3723417207792208
1512.PNG,858,580,L,L,True,0.23375331564986737
3533.PNG,505,374,L,L,True,0.01896013130724837
1074.PNG,927,547,L,L,True,0.15384099599857218
6431.PNG,1008,660,L,1,True,0.08293801106301106
6728.PNG,807,501,L,L,True,0.005463669933985808
1478.PNG,603,608,L,L,True,0.00791819411713363
9045.PNG,784,402,L,L,True,0.0022940146207736825
5748.PNG,504,480,L,L,True,0.04169973544973545
8957.PNG,436,313,L,L,True,0.032703637482779845
1801.PNG,626,499,L,L,True,0.034266616299692035
2740.PNG,858,582,L,L,True,0.010805918022412868
5187.PNG,504,318,L,L,True,0.12482529699510832
5704.PNG,616,480,L,1,True,0.1832927489177489
2035.PNG,1024,582,L,L,True,0.016901914196735396
2977.PNG,650,600,L,L,True,0.0377
7577.PNG,616,463,L,L,True,0.04241465877534992
5176.PNG,632,484,L,L,True,0.15391908149388012
1883.PNG,534,499,L,L,True,0.3029242004608468
4652.PNG,684,498,L,L,True,0.012012964137250757
1052.PNG,1048,535,L,L,True,0.023084468859242348
2798.PNG,813,548,L,L,True,0.07090751564449951
9581.PNG,760,600,L,L,True,0.019780701754385965
8663.PNG,640,488,L,L,True,0.023981813524590164
3394.PNG,526,377,L,L,True,0.03432138858912164
2397.PNG,610,477,L,L,True,0.11302883458775818
2670.PNG,809,548,L,L,True,0.11479207456263027
5147.PNG,504,346,L,L,True,0.08105674832553446
3695.PNG,744,588,L,L,True,0.08523059761539024
4741.PNG,764,691,L,L,True,0.02206378190800191
3501.PNG,532,373,L,L,True,0.09395976536515552
9218.PNG,896,660,L,L,True,0.013245738636363637
8095.PNG,544,444,L,L,True,0.06878063725490197
5609.PNG,676,512,L,L,True,0.019612148668639053
6324.PNG,609,477,L,1,True,0.07887281277001511
5759.PNG,504,480,L,L,True,0.06755125661375662
84.PNG,630,499,L,L,True,0.04662976747145084
3149.PNG,720,660,L,L,True,0.15888468013468013
5967.PNG,476,407,L,L,True,0.050662771251006544
896.PNG,547,532,L,L,True,0.2665839644815879
8504.PNG,634,488,L,L,True,0.012553653617417386
5805.PNG,507,483,L,L,True,0.005353620738236123
4544.PNG,624,514,L,L,True,0.03488227077721241
6798.PNG,808,569,L,1,True,0.0896657328298735
7208.PNG,616,476,L,L,True,0.3254631398013751
8266.PNG,783,470,L,L,True,0.005777016928887802
6474.PNG,875,629,L,L,True,0.2673849647967295
6726.PNG,609,477,L,L,True,0.04006292750599842
279.PNG,857,580,L,L,True,0.14398261779262062
563.PNG,746,586,L,L,True,0.1920252724427893
8838.PNG,504,276,L,L,True,0.027518978605935128
7672.PNG,504,480,L,L,True,0.04742063492063492
5948.PNG,514,481,L,L,True,0.00261290922769522
4139.PNG,610,477,L,L,True,0.05565865896827852
4033.PNG,760,600,L,L,True,0.019418859649122808
6853.PNG,610,431,L,L,True,0.023897911832946636
5037.PNG,585,208,L,L,True,0.053772189349112424
7594.PNG,504,377,L,L,True,0.01482569154982948
6063.PNG,504,480,L,L,True,0.0879092261904762
24.PNG,610,477,L,L,True,0.03614805650067017
4542.PNG,778,617,L,L,True,0.018309424906150916
4408.PNG,365,425,L,L,True,0.22155036261079775
8142.PNG,437,324,L,1,True,0.21169166878549028
125.PNG,614,342,L,L,True,0.048069413490294685
6818.PNG,808,557,L,L,True,0.051153634214408876
5773.PNG,508,480,L,L,True,0.015793143044619422
9452.PNG,760,600,L,L,True,0.09604605263157895
4007.PNG,760,600,L,L,True,0.05764912280701755
3631.PNG,703,404,L,L,True,0.028125572158922862
5452.PNG,486,440,L,L,True,0.19467826412270856
4237.PNG,1024,466,L,L,True,0.02147180123390558
3737.PNG,647,545,L,L,True,0.04656353246458602
9376.PNG,760,600,L,L,True,0.018293859649122807
4606.PNG,970,586,L,L,True,0.19869638647478977
6441.PNG,746,582,L,L,True,0.4815948518098818
8669.PNG,1280,566,L,L,True,0.03124171819787986
8833.PNG,504,317,L,L,True,0.026500926343197638
9047.PNG,1205,566,L,L,True,0.026711434980865943
2928.PNG,928,602,L,L,True,0.08175335089930118
2556.PNG,797,566,L,L,True,0.038073429069257064
3471.PNG,526,377,L,L,True,0.08015047755443717
7608.PNG,504,465,L,L,True,0.009596347499573306
5348.PNG,508,480,L,L,True,0.015337926509186351
862.PNG,615,574,L,L,True,0.012787173167898926
3767.PNG,858,588,L,L,True,0.015664890664890664
7604.PNG,616,358,L,L,True,0.059348472756293985
380.PNG,720,660,L,L,True,0.37308712121212123
4524.PNG,772,555,L,L,True,0.021376557905055313
2704.PNG,858,583,L,L,True,0.031130676070641766
1607.PNG,464,606,L,L,True,0.49455161033344713
807.PNG,601,514,L,L,True,0.0920806438037771
4528.PNG,991,692,L,L,True,0.025270789708532866
6141.PNG,1024,550,L,L,True,0.052769886363636366
9268.PNG,1031,660,L,L,True,0.008397260676601122
9320.PNG,760,600,L,L,True,0.023491228070175438
2952.PNG,654,601,L,L,True,0.03395971037058521
5320.PNG,1000,526,L,L,True,0.016013307984790875
7184.PNG,616,479,L,L,True,0.45417265406826995
9422.PNG,896,660,L,L,True,0.08655641233766234
8038.PNG,680,457,L,L,True,0.049749002445617196
2752.PNG,857,581,L,L,True,0.019834631073050328
9430.PNG,760,600,L,L,True,0.054337719298245615
8823.PNG,504,480,L,L,True,0.00982556216931217
8430.PNG,640,487,L,L,True,0.006038244353182751
4351.PNG,1024,579,L,L,True,0.012641340133851467
3205.PNG,752,582,L,L,True,0.020833333333333332
5214.PNG,504,480,L,L,True,0.006510416666666667
611.PNG,502,479,L,L,True,0.32794500494888923
5460.PNG,485,408,L,L,True,0.11559531028906408
5545.PNG,750,587,L,L,True,0.2528427030096536
593.PNG,750,458,L,L,True,0.017636098981077146
5145.PNG,553,447,L,1,True,0.05931850269629558
8942.PNG,613,487,L,L,True,0.00984822346757958
9396.PNG,994,702,L,L,True,0.026457892655075754
8227.PNG,896,660,L,L,True,0.011022050865800865
2075.PNG,610,449,L,L,True,0.010073387126218554
2538.PNG,811,541,L,L,True,0.025485981798332082
2473.PNG,896,660,L,L,True,0.03901176948051948
9138.PNG,618,480,L,L,True,0.030899406688241638
5518.PNG,746,583,L,L,True,0.3070555828914876
8719.PNG,504,394,L,L,True,0.021533317218596408
2497.PNG,772,603,L,L,True,0.03240060492013164
5243.PNG,635,489,L,L,True,0.07955493293399675
4093.PNG,617,271,L,L,True,0.17151793884227334
1853.PNG,837,669,L,L,True,0.0738294106826823
7891.PNG,504,374,L,L,True,0.019459298871063575
3250.PNG,415,426,L,L,True,0.02940777193280163
6705.PNG,616,478,L,1,True,0.23331793729283268
8097.PNG,504,480,L,L,True,0.04024470899470899
38.PNG,369,408,L,L,True,0.283124767522185
8323.PNG,785,589,L,L,True,0.01649778854368302
9436.PNG,760,600,L,L,True,0.06030921052631579
1714.PNG,616,477,L,L,True,0.039815268588853495
8146.PNG,504,480,L,L,True,0.08994708994708994
1911.PNG,427,427,L,L,True,0.4768413143273972
7060.PNG,556,448,L,1,True,0.013958922147995888
8781.PNG,504,457,L,L,True,0.02545500329964225
9039.PNG,504,469,L,L,True,0.046332961045114564
5261.PNG,818,560,L,L,True,0.11153946908836884
1289.PNG,680,485,L,L,True,0.045573074590661004
7968.PNG,380,320,L,L,True,0.040016447368421054
3638.PNG,838,504,L,L,True,0.006137061029662462
8207.PNG,504,276,L,L,True,0.053794283413848634
467.PNG,750,589,L,L,True,0.22501641199773628
4177.PNG,1024,465,L,L,True,0.011989667338709677
9639.PNG,896,660,L,L,True,0.02078598484848485
8446.PNG,616,480,L,L,True,0.06546604437229438
4497.PNG,712,564,L,L,True,0.022613853693521396
2224.PNG,610,477,L,L,True,0.021015912293363578
9432.PNG,760,600,L,L,True,0.024605263157894738
1066.PNG,592,424,L,L,True,0.021584969403365628
4055.PNG,854,600,L,L,True,0.05087236533957845
6219.PNG,1100,725,L,1,True,0.41494043887147336
205.PNG,930,651,L,L,True,0.004436516195101003
6215.PNG,844,581,L,L,True,0.17495370785783623
6746.PNG,506,478,L,L,True,0.05053582946069757
1390.PNG,1024,678,L,L,True,0.25784850894174044
1788.PNG,505,479,L,L,True,0.20320800347258108
1925.PNG,614,608,L,L,True,0.38512825732899025
5247.PNG,434,352,L,L,True,0.12909771679932971
8888.PNG,819,552,L,L,True,0.04405115818159296
6697.PNG,569,358,L,L,True,0.346766354773149
1152.PNG,560,499,L,L,True,0.4625322072716862
3537.PNG,526,377,L,L,True,0.017185908361993324
3733.PNG,648,545,L,L,True,0.06367085740174425
2507.PNG,632,600,L,L,True,0.04263449367088608
739.PNG,857,586,L,L,True,0.2532307716815146
543.PNG,743,587,L,L,True,0.29612671131583596
8813.PNG,504,478,L,L,True,0.014590389851896129
335.PNG,857,510,L,L,True,0.15243553664172788
2878.PNG,809,548,L,L,True,0.1422184728375123
3012.PNG,859,582,L,L,True,0.035684424868683715
6395.PNG,896,660,L,L,True,0.024328666125541125
2493.PNG,936,577,L,L,True,0.04173332444562947
7982.PNG,616,480,L,L,True,0.010355790043290044
8825.PNG,508,480,L,L,True,0.01422244094488189
2846.PNG,767,601,L,L,True,0.028804664976017805
1880.PNG,538,319,L,L,True,0.19548775797974619
8024.PNG,621,480,L,L,True,0.04980542136339238
7858.PNG,504,385,L,L,True,0.053272521129663984
1400.PNG,504,500,L,L,True,0.5649642857142857
9520.PNG,1031,660,L,L,True,0.01369367780618993
8934.PNG,618,480,L,L,True,0.027218176914778857
7998.PNG,508,480,L,L,True,0.0066149934383202096
3402.PNG,505,372,L,L,True,0.02074417119131268
7079.PNG,896,660,L,L,True,0.21728219696969697
142.PNG,846,512,L,L,True,0.18782552083333334
5509.PNG,746,580,L,1,True,0.14256263289266893
2756.PNG,998,583,L,L,True,0.02629616007314801
8375.PNG,616,480,L,L,True,0.0214454816017316
9646.PNG,760,600,L,L,True,0.11882236842105263
8757.PNG,919,607,L,L,True,0.011567978230043758
823.PNG,600,789,L,L,True,0.4281284326151246
2812.PNG,858,582,L,L,True,0.035882216294587425
2640.PNG,712,489,L,L,True,0.025303876289607317
481.PNG,745,567,L,L,True,0.08345110850703692
1963.PNG,610,477,L,L,True,0.04266075540433722
8136.PNG,508,480,L,L,True,0.019935203412073492
3342.PNG,745,582,L,L,True,0.03978412786272746
3585.PNG,526,377,L,L,True,0.09972667950903168
7978.PNG,640,488,L,1,True,0.13873271004098361
3000.PNG,856,581,L,L,True,0.02212990815062654
8687.PNG,504,365,L,L,True,0.0247499456403566
4349.PNG,1024,579,L,L,True,0.05540938039723661
6405.PNG,1031,660,L,L,True,0.02406460335655292
6641.PNG,896,660,L,L,True,0.0657805735930736
4418.PNG,824,565,L,L,True,0.02172007904459146
1224.PNG,852,485,L,L,True,0.030158269202845943
6896.PNG,616,477,L,L,True,0.012194042854420212
6570.PNG,1012,705,L,L,True,0.20968239284613013
3249.PNG,772,619,L,L,True,0.05614939690458453
9248.PNG,1008,660,L,L,True,0.0590458152958153
9402.PNG,1031,660,L,L,True,0.01860800047027011
9288.PNG,996,702,L,L,True,0.07692450714539067
5666.PNG,592,444,L,L,True,0.12360375578280984
682.PNG,1024,678,L,L,True,0.051606574944690266
3779.PNG,387,323,L,L,True,0.08503931968544251
5235.PNG,504,480,L,L,True,0.00687417328042328
9706.PNG,760,600,L,L,True,0.01680701754385965
7996.PNG,544,444,L,L,True,0.03192898781134075
7065.PNG,616,480,L,1,True,0.11634537337662337
193.PNG,858,581,L,L,True,0.03759092313309181
5385.PNG,616,483,L,L,True,0.4283932940765239
2289.PNG,610,477,L,L,True,0.09103687665395058
8194.PNG,858,582,L,L,True,0.03150658047565264
9566.PNG,1072,660,L,L,True,0.03629579375848033
5871.PNG,507,482,L,L,True,0.01435095386579587
8460.PNG,640,487,L,L,True,0.010632700205338809
3948.PNG,547,532,L,L,True,0.019917251996536132
1124.PNG,1024,522,L,L,True,0.20531758860153257
4808.PNG,803,620,L,L,True,0.019917245812075685
890.PNG,439,541,L,L,True,0.4124227891485859
7621.PNG,504,310,L,L,True,0.014509728622631848
3304.PNG,770,577,L,L,True,0.007967768799657882
251.PNG,738,617,L,L,True,0.026696182683058598
3824.PNG,783,600,L,L,True,0.05773733503618561
8452.PNG,640,487,L,L,True,0.009416709445585215
7191.PNG,616,480,L,L,True,0.21057224025974025
9374.PNG,570,600,L,L,True,0.015964912280701755
692.PNG,419,333,L,L,True,0.014520487074186359
5494.PNG,743,528,L,L,True,0.04977517435458216
3617.PNG,1024,679,L,L,True,0.07719158459131076
1927.PNG,611,477,L,L,True,0.11953459805727971
1128.PNG,1024,521,L,L,True,0.09853346928982726
3426.PNG,522,378,L,L,True,0.2262867684323623
5645.PNG,661,585,L,1,True,0.49243958260599713
5850.PNG,654,604,L,L,True,0.13012637462786317
8657.PNG,504,384,L,L,True,0.017376612103174604
4888.PNG,611,454,L,1,True,0.166737564619278
751.PNG,417,319,L,L,True,0.1740601249407997
4293.PNG,720,500,L,L,True,0.10156666666666667
4480.PNG,712,563,L,L,True,0.04017153291955216
8166.PNG,504,394,L,L,True,0.029686366932559827
9532.PNG,760,600,L,L,True,0.008072368421052632
5314.PNG,661,444,L,L,True,0.0023306210900764608
9426.PNG,896,660,L,L,True,0.006916260822510823
9328.PNG,996,702,L,L,True,0.023540029062117416
244.PNG,720,617,L,L,True,0.3095894111291194
4744.PNG,811,512,L,L,True,0.012441237669543774
4548.PNG,833,563,L,L,True,0.010746749854471096
6600.PNG,716,660,L,L,True,0.11789614017267648
4638.PNG,797,566,L,L,True,0.00786296669046025
7173.PNG,616,479,L,L,True,0.34557926415963997
7662.PNG,504,480,L,L,True,0.035830026455026455
951.PNG,559,501,L,L,True,0.32699895379187954
3619.PNG,1024,679,L,L,True,0.25137495397643594
5229.PNG,504,435,L,L,True,0.02370917715745302
4576.PNG,712,564,L,L,True,0.02591092915770181
3854.PNG,808,442,L,L,True,0.02039559159535863
3412.PNG,536,377,L,L,True,0.051719189199889146
7225.PNG,391,445,L,L,True,0.3444581740854622
4203.PNG,1024,465,L,L,True,0.012483198924731183
6244.PNG,689,613,L,L,True,0.2995001858617236
3942.PNG,771,599,L,L,True,0.32409614814141163
6006.PNG,504,480,L,L,True,0.038661541005291004
8624.PNG,621,480,L,L,True,0.005129495437466452
8387.PNG,550,447,L,L,True,0.03233679072605247
2194.PNG,1024,579,L,L,True,0.18103006260794474
5216.PNG,507,483,L,L,True,0.06970324361628709
7974.PNG,544,443,L,L,True,0.09191591422121896
7057.PNG,616,479,L,L,True,0.012831114605644877
2926.PNG,922,602,L,L,True,0.05649642190529039
7232.PNG,616,479,L,L,True,0.024442154922321938
6407.PNG,1031,660,L,L,True,0.0038665020721276784
487.PNG,805,546,L,L,True,0.09979068550497122
3477.PNG,533,338,L,L,True,0.035874862617538326
6796.PNG,808,557,L,L,True,0.011109728567111649
2141.PNG,616,478,L,L,True,0.2249361517143944
657.PNG,920,642,L,L,True,0.1278291344981715
5396.PNG,508,480,L,L,True,0.026361548556430445
6792.PNG,610,477,L,L,True,0.029556311647248857
884.PNG,381,453,L,L,True,0.5319103324005029
6927.PNG,610,477,L,1,True,0.08551053373199986
3036.PNG,809,548,L,L,True,0.004109786796351267
2824.PNG,857,581,L,L,True,0.008750454393001244
1841.PNG,739,665,L,L,True,0.21538148483522745
759.PNG,743,672,L,L,True,0.6963885150291611
4746.PNG,811,512,L,L,True,0.007347699599260173
5404.PNG,900,487,L,L,True,0.004120465434633813
918.PNG,698,562,L,L,True,0.06920382587769836
287.PNG,858,581,L,L,True,0.2549478633815983
5627.PNG,940,744,L,L,True,0.030549359414321665
1068.PNG,864,562,L,L,True,0.12025092263081587
1605.PNG,672,605,L,L,True,0.06786944116489571
7731.PNG,504,456,L,L,True,0.021834099136730716
3787.PNG,768,527,L,L,True,0.0027227624920936116
835.PNG,978,789,L,L,True,0.15061647758934843
7021.PNG,610,427,L,L,True,0.032667869620301764
8275.PNG,836,547,L,L,True,0.051730622884284004
8840.PNG,960,598,L,L,True,0.015780030657748047
8271.PNG,616,477,L,L,True,0.010063573742819026
325.PNG,834,665,L,L,True,0.14439335749445556
4777.PNG,837,506,L,L,True,0.12367008089308229
2850.PNG,781,618,L,L,True,0.19504493865221337
8755.PNG,504,454,L,L,True,0.028747989651073353
4920.PNG,616,479,L,L,True,0.16385936610362498
1479.PNG,604,608,L,L,True,0.018683012373649357
32.PNG,523,416,L,L,True,0.15706353875569937
1532.PNG,483,537,L,L,True,0.28367859166984744
6335.PNG,640,474,L,L,True,0.057400448312236285
8273.PNG,874,660,L,L,True,0.01728035503779211
5708.PNG,504,394,L,L,True,0.1023537587623882
8034.PNG,815,550,L,L,True,0.01482877858337981
6051.PNG,815,517,L,L,True,0.04297563811987516
1901.PNG,739,585,L,L,True,0.1043452112464291
5578.PNG,806,541,L,L,True,0.24332983217366974
9708.PNG,650,600,L,L,True,0.03354871794871795
5988.PNG,822,604,L,L,True,0.013285316060005478
5848.PNG,504,480,L,L,True,0.24074074074074073
7816.PNG,504,480,L,L,True,0.0065228174603174606
4684.PNG,616,477,L,L,True,0.023663181682049606
2136.PNG,504,478,L,L,True,0.06758484425848442
5434.PNG,391,327,L,L,True,0.23881367465215045
2526.PNG,631,591,L,L,True,0.08095548386923772
6083.PNG,508,480,L,L,True,0.02649278215223097
5830.PNG,680,457,L,L,True,0.013087269918908483
1024.PNG,927,547,L,L,True,0.1425841453529993
9057.PNG,504,459,L,L,True,0.018453677767403257
5390.PNG,640,487,L,L,True,0.02248139117043121
2006.PNG,610,411,L,L,True,0.059842048582027046
7102.PNG,750,458,L,L,True,0.05503056768558952
1997.PNG,506,478,L,L,True,0.1187796649412076
3717.PNG,543,545,L,L,True,0.06814672140841739
6945.PNG,610,480,L,L,True,0.0248224043715847
5580.PNG,805,547,L,L,True,0.027778850193602597
275.PNG,810,624,L,L,True,0.5709678695789807
356.PNG,577,392,L,L,True,0.16950358999752413
7885.PNG,612,487,L,L,True,0.04387271678007274
549.PNG,744,589,L,L,True,0.50248963981233
1829.PNG,1019,695,L,L,True,0.20340014543811466
6888.PNG,610,477,L,L,True,0.06011272639791044
8961.PNG,800,564,L,L,True,0.0178302304964539
2913.PNG,857,580,L,L,True,0.050802719993562145
7318.PNG,616,479,L,L,True,0.04806753789008486
8397.PNG,614,460,L,L,True,0.051200254921399235
674.PNG,1024,679,L,L,True,0.15783062177835053
561.PNG,743,587,L,L,True,0.2383220105424622
6984.PNG,610,477,L,L,True,0.15738392274117607
63.PNG,813,548,L,L,True,0.281861358759573
9735.PNG,994,702,L,L,True,0.011249835193497166
4249.PNG,1024,465,L,L,True,0.08297001008064517
7571.PNG,507,479,L,L,True,0.019707395008503086
4335.PNG,720,500,L,L,True,0.011619444444444444
2925.PNG,858,581,L,L,True,0.06196815232959811
2898.PNG,813,548,L,L,True,0.01781497741984719
8128.PNG,624,549,L,L,True,0.06343701835505114
8649.PNG,640,488,L,L,True,0.09868724385245901
4600.PNG,877,435,L,L,True,0.04184327448590414
9364.PNG,1031,660,L,L,True,0.014450518766716634
4363.PNG,365,425,L,L,True,0.022188557614826753
9280.PNG,896,660,L,L,True,0.026971726190476192
1026.PNG,900,597,L,L,True,0.11042434394193189
4558.PNG,866,622,L,L,True,0.020413922161246965
1865.PNG,837,668,L,L,True,0.17784681532991364
3505.PNG,509,286,L,L,True,0.004581862145712833
1776.PNG,838,584,L,L,True,0.3477702945695884
2560.PNG,799,492,L,L,True,0.07048699085238662
2248.PNG,616,478,L,L,True,0.05938230179861979
323.PNG,650,600,L,L,True,0.054476923076923076
9446.PNG,996,702,L,L,True,0.13443660682616507
8282.PNG,397,405,L,L,True,0.07170445004198153
4219.PNG,617,477,L,L,True,0.006605302590134858
8827.PNG,703,400,L,L,True,0.023033428165007114
6598.PNG,1031,660,L,L,True,0.13719248743497045
5181.PNG,616,480,L,L,True,0.09757508116883117
3884.PNG,524,608,L,L,True,0.016751833065488147
8014.PNG,544,443,L,L,True,0.017066956579471517
8336.PNG,624,564,L,L,True,0.03883092380432806
697.PNG,509,501,L,L,True,0.3819982824135619
8753.PNG,504,406,L,L,True,0.02422491985299867
1528.PNG,833,574,L,L,True,0.09479401516704243
5482.PNG,742,582,L,L,True,0.05388056798288271
6952.PNG,616,478,L,L,True,0.08248315492039342
6125.PNG,1024,549,L,L,True,0.08592504838342441
2579.PNG,720,498,L,L,True,0.04144076305220883
8733.PNG,506,323,L,L,True,0.04678838458620394
5318.PNG,689,502,L,L,True,0.020573728308825655
7051.PNG,496,461,L,L,True,0.02693565880624169
2407.PNG,610,459,L,L,True,0.016807743133683346
787.PNG,783,600,L,L,True,0.05242869306087697
5370.PNG,800,566,L,L,True,0.24425132508833922
2574.PNG,846,512,L,L,True,0.10648917700945626
1857.PNG,837,662,L,L,True,0.21638386266590146
3545.PNG,495,288,L,L,True,0.08002946127946128
5480.PNG,743,458,L,L,True,0.19839609279035186
1694.PNG,819,602,L,L,True,0.18990625469030784
7711.PNG,618,480,L,L,True,0.02669902912621359
3860.PNG,479,510,L,L,True,0.283404969503459
6906.PNG,610,467,L,L,True,0.013567592235054587
5958.PNG,640,488,L,L,True,0.02033171106557377
8000.PNG,508,480,L,L,True,0.05137385170603675
4628.PNG,832,574,L,L,True,0.01813354328598231
8795.PNG,813,552,L,L,True,0.007533825338253383
9564.PNG,716,660,L,L,True,0.06638945319112917
424.PNG,814,600,L,L,True,0.22696355446355446
3189.PNG,745,531,L,L,True,0.005791276431704142
109.PNG,763,601,L,L,True,0.038712238013097436
2786.PNG,857,581,L,L,True,0.0027112952560366488
4438.PNG,712,564,L,L,True,0.0246309466889792
7567.PNG,508,480,L,L,True,0.009805610236220473
9550.PNG,1031,660,L,L,True,0.014368221497222467
340.PNG,685,655,L,L,True,0.35011533961107705
5406.PNG,440,480,L,L,True,0.24242424242424243
2152.PNG,610,402,L,L,True,0.014068999265965255
1744.PNG,780,697,L,L,True,0.32260052238531434
1036.PNG,368,336,L,L,True,0.03801112836438923
5946.PNG,440,480,L,1,True,0.07227746212121212
9002.PNG,504,354,L,L,True,0.021405030938929245
8094.PNG,508,480,L,L,True,0.006508366141732284
6480.PNG,313,206,L,L,True,0.0976301994478737
707.PNG,467,501,L,L,True,0.12459021998828895
1398.PNG,727,577,L,L,True,0.01073474476672253
2231.PNG,610,477,L,L,True,0.08971715297109667
8773.PNG,816,527,L,L,True,0.03460672694125089
5724.PNG,504,480,L,1,True,0.20733713624338623
90.PNG,834,518,L,L,True,0.014321361443663602
5374.PNG,413,340,L,1,True,0.4731804586241276
9185.PNG,504,480,L,L,True,0.06861772486772487
9538.PNG,896,660,L,L,True,0.016240530303030302
523.PNG,660,585,L,L,True,0.4105931105931106
5530.PNG,752,582,L,L,True,0.16558592893178328
209.PNG,827,581,L,L,True,0.05856974278180263
6423.PNG,760,600,L,L,True,0.009859649122807018
499.PNG,592,221,L,L,True,0.46406078023725084
7235.PNG,616,479,L,L,True,0.05080253775452105
1573.PNG,673,604,L,L,True,0.1787907265087628
8320.PNG,612,484,L,L,True,0.00937516880030249
717.PNG,621,454,L,L,True,0.0814694219214426
9601.PNG,1094,682,L,L,True,0.007363545224015826
5496.PNG,750,589,L,L,True,0.23380871533672892
2234.PNG,610,477,L,L,True,0.059239784170189366
9444.PNG,760,600,L,L,True,0.17358333333333334
5282.PNG,573,508,L,1,True,0.27242651605722057
2984.PNG,781,565,L,L,True,0.027464222179415996
5901.PNG,720,495,L,L,True,0.006680695847362514
1033.PNG,592,473,L,L,True,0.01169576024227187
9124.PNG,504,363,L,L,True,0.05935436617254799
283.PNG,721,618,L,L,True,0.28047390131469685
7270.PNG,616,479,L,L,True,0.18586815063850554
3922.PNG,972,646,L,L,True,0.05737109658678286
1748.PNG,739,573,L,L,True,0.1045325625166786
9460.PNG,912,600,L,L,True,0.022196637426900586
5838.PNG,559,453,L,L,True,0.1251485821022245
5418.PNG,616,480,L,1,True,0.33208536255411253
9684.PNG,760,600,L,L,True,0.007975877192982456
7206.PNG,615,480,L,L,True,0.143960027100271
6239.PNG,809,554,L,L,True,0.006760586006702574
2776.PNG,783,469,L,L,True,0.013130842775721829
398.PNG,1024,679,L,L,True,0.1144936832658321
3461.PNG,540,368,L,L,True,0.029362922705314008
2322.PNG,610,477,L,L,True,0.04000412413650892
8739.PNG,453,380,L,L,True,0.07884280237016382
2678.PNG,650,600,L,L,True,0.14614871794871795
3679.PNG,811,536,L,L,True,0.007805454846605444
3958.PNG,698,568,L,L,True,0.017895697970055288
7273.PNG,616,479,L,L,True,0.08391060922376163
9392.PNG,650,600,L,L,True,0.024338461538461538
6572.PNG,507,480,L,L,True,0.04696745562130177
5504.PNG,744,547,L,L,True,0.2413850720449765
3673.PNG,812,498,L,L,True,0.09053949789305003
2357.PNG,610,371,L,L,True,0.04361716229950068
4355.PNG,371,373,L,L,True,0.0027965862858877174
952.PNG,927,501,L,L,True,0.021381185848367987
5568.PNG,766,582,L,L,True,0.14094057584811534
6929.PNG,610,389,L,L,True,0.03641535673648279
6350.PNG,852,458,L,L,True,0.18579453430920312
6512.PNG,760,600,L,L,True,0.031537280701754385
4359.PNG,365,425,L,L,True,0.0867365028203062
4731.PNG,581,577,L,L,True,0.1754639255213476
9240.PNG,760,600,L,L,True,0.12653070175438597
8186.PNG,504,480,L,L,True,0.06164021164021164
3627.PNG,768,527,L,L,True,0.03522790164452878
1754.PNG,838,567,L,L,True,0.14285293362461224
3830.PNG,784,556,L,L,True,0.014170551314050801
2149.PNG,504,478,L,L,True,0.041434216643421666
8892.PNG,702,504,L,L,True,0.014485257540813097
353.PNG,823,660,L,L,True,0.4229058507308811
7043.PNG,610,477,L,L,True,0.00565006701721827
1953.PNG,576,422,L,L,True,0.3482918641390205
2119.PNG,610,478,L,L,True,0.024302078331847176
8973.PNG,552,445,L,L,True,0.01658117570428269
655.PNG,920,642,L,L,True,0.013634362725179466
6089.PNG,505,478,L,L,True,0.011645055718961017
4560.PNG,712,564,L,L,True,0.05524842616941589
6893.PNG,616,478,L,1,True,0.12012647394446557
2595.PNG,763,500,L,L,True,0.12554914809960682
6025.PNG,504,336,L,L,True,0.023502456538170825
2736.PNG,832,664,L,L,True,0.2379644781047266
7696.PNG,504,405,L,L,True,0.056295316480501664
1186.PNG,720,500,L,L,True,0.29005
2045.PNG,506,479,L,L,True,0.029916575210212317
3978.PNG,621,501,L,L,True,0.01737909045033926
3671.PNG,699,501,L,L,True,0.0277270923103721
3482.PNG,513,329,L,L,True,0.02461235831896526
1545.PNG,483,537,L,L,True,0.18443465152233673
856.PNG,852,473,L,L,True,0.17658736066859224
7820.PNG,505,355,L,L,True,0.03222981453074885
7988.PNG,504,396,L,L,True,0.010752364919031586
9164.PNG,544,443,L,L,True,0.03207990306732174
509.PNG,771,580,L,L,True,0.2021758575964936
2712.PNG,809,547,L,L,True,0.016629644108893775
3432.PNG,523,364,L,L,True,0.02515075746433299
5255.PNG,504,479,L,L,True,0.009233025151605527
7047.PNG,504,479,L,L,True,0.02894174371209862
3034.PNG,809,548,L,L,True,0.011740636813945306
5866.PNG,504,480,L,L,True,0.02093667328042328
5789.PNG,507,483,L,L,True,0.007379094335616075
1977.PNG,610,477,L,L,True,0.034625562772794445
5442.PNG,544,443,L,L,True,0.03426669764971451
186.PNG,835,666,L,1,True,0.41338044631457804
762.PNG,858,589,L,L,True,0.2151368721827126
1766.PNG,384,427,L,L,True,0.4505635245901639
345.PNG,783,394,L,L,True,0.056557169807651166
6225.PNG,807,591,L,L,True,0.04649670711226011
5231.PNG,507,483,L,L,True,0.004451141574887394
8566.PNG,634,488,L,L,True,0.01580195997310855
8044.PNG,815,472,L,L,True,0.09482946864926692
6368.PNG,650,600,L,L,True,0.05278717948717949
9108.PNG,640,488,L,L,True,0.02527535860655738
402.PNG,1024,679,L,L,True,0.25163239828792344
8110.PNG,504,430,L,L,True,0.07944352159468439
2200.PNG,809,558,L,L,True,0.014093243129488594
4700.PNG,601,514,L,L,True,0.12202748985154445
5204.PNG,504,366,L,L,True,0.005936117616445485
4077.PNG,854,600,L,L,True,0.028575331772053084
4373.PNG,365,425,L,L,True,0.1399194198227236
9300.PNG,760,600,L,L,True,0.07924122807017543
2016.PNG,610,477,L,L,True,0.12396810667766436
1056.PNG,750,555,L,L,True,0.06494894894894895
3743.PNG,692,673,L,L,True,0.5973511753944464
8114.PNG,640,488,L,L,True,0.008388831967213115
6768.PNG,616,478,L,L,True,0.0038444818779546815
7919.PNG,504,385,L,L,True,0.014703153988868274
4947.PNG,550,445,L,L,True,0.07043513789581206
6397.PNG,760,600,L,L,True,0.404484649122807
5924.PNG,504,480,L,L,True,0.09601107804232804
3862.PNG,588,608,L,L,True,0.23507709004654492
4207.PNG,1024,466,L,L,True,0.009315065048283262
113.PNG,502,660,L,L,True,0.41344621513944224
9739.PNG,1058,702,L,L,True,0.00896439554284545
1613.PNG,715,557,L,L,True,0.2332098780931815
2930.PNG,857,529,L,L,True,0.02669001859478155
7553.PNG,504,412,L,L,True,0.0074549237170596395
9542.PNG,760,600,L,L,True,0.3097609649122807
9482.PNG,760,600,L,L,True,0.015905701754385965
2324.PNG,610,429,L,L,True,0.043066223394092246
7959.PNG,701,557,L,L,True,0.018655063169567967
1570.PNG,719,556,L,L,True,0.036579081658178324
1970.PNG,610,470,L,L,True,0.033257760725497035
8659.PNG,504,451,L,L,True,0.017764755569633618
2599.PNG,720,500,L,L,True,0.13846111111111112
6931.PNG,610,370,L,L,True,0.01768276473194506
8632.PNG,508,480,L,L,True,0.07066519028871392
2788.PNG,760,600,L,L,True,0.0335109649122807
1577.PNG,716,556,L,L,True,0.12524114786383184
8606.PNG,616,480,L,L,True,0.016636228354978355
8088.PNG,508,480,L,L,True,0.009518536745406824
9156.PNG,680,457,L,L,True,0.02252863946453855
6617.PNG,1008,660,L,L,True,0.10322270322270322
829.PNG,925,789,L,L,True,0.15220361045456102
7733.PNG,618,480,L,L,True,0.02139967637540453
6545.PNG,944,660,L,L,True,0.20476855418592707
7209.PNG,614,430,L,L,True,0.11254829179607606
912.PNG,796,562,L,L,True,0.032120120173822854
5208.PNG,650,451,L,L,True,0.14741940985843424
4864.PNG,616,478,L,1,True,0.07580285822963648
8250.PNG,613,480,L,L,True,0.021237765089722676
3376.PNG,526,377,L,L,True,0.011961553589978921
2856.PNG,856,580,L,L,True,0.0301603287141476
4325.PNG,720,500,L,L,True,0.038733333333333335
3102.PNG,857,588,L,L,True,0.005310408877670088
3805.PNG,454,455,L,L,True,0.13780800697100257
9412.PNG,760,600,L,L,True,0.12289912280701755
3997.PNG,650,600,L,L,True,0.04967179487179487
1082.PNG,927,622,L,L,True,0.18259815398703422
9214.PNG,1008,660,L,L,True,0.101877405002405
9126.PNG,504,480,L,L,True,0.01691468253968254
1649.PNG,807,541,L,L,True,0.21286478983570284
924.PNG,503,471,L,L,True,0.0314208169243562
7770.PNG,504,443,L,L,True,0.026501307821849583
9727.PNG,896,660,L,L,True,0.0028595102813852814
1698.PNG,632,600,L,L,True,0.17035073839662448
2144.PNG,610,477,L,L,True,0.02816785235591298
3237.PNG,742,404,L,L,True,0.05139641322622828
4205.PNG,1024,465,L,L,True,0.003263608870967742
7283.PNG,610,479,L,L,True,0.10319997262055512
2072.PNG,612,422,L,L,True,0.11553294303503392
3452.PNG,539,339,L,L,True,0.011038687397726588
5149.PNG,544,445,L,L,True,0.06011649041639128
8006.PNG,508,480,L,L,True,0.012229330708661418
8010.PNG,504,453,L,L,True,0.007914608080170995
6029.PNG,464,416,L,L,True,0.19408467340848806
4245.PNG,1024,466,L,L,True,0.006538358369098713
7019.PNG,610,419,L,L,True,0.03189874408231934
1665.PNG,831,538,L,L,True,0.2423268422959752
2455.PNG,610,477,L,L,True,0.08721861360277691
8809.PNG,504,349,L,L,True,0.02146154545868013
8528.PNG,640,487,L,L,True,0.026694045174537988
5536.PNG,771,580,L,L,True,0.1860190527304441
4729.PNG,762,500,L,L,True,0.01714698162729659
8685.PNG,640,487,L,L,True,0.013882828542094456
9741.PNG,613,484,L,L,True,0.005773664271365591
5586.PNG,752,580,L,L,True,0.016147743947175348
82.PNG,630,499,L,L,True,0.1656551197633362
9570.PNG,896,660,L,L,True,0.019565070346320348
801.PNG,588,608,L,L,True,0.04183449695667741
4381.PNG,365,425,L,L,True,0.02303948428686543
5950.PNG,504,480,L,L,True,0.010925099206349206
6002.PNG,504,427,L,L,True,0.006328761012601762
1086.PNG,1102,629,L,L,True,0.08776642554799916
3956.PNG,1114,562,L,L,True,0.049223087587929745
3975.PNG,432,446,L,L,True,0.0758127802690583
9071.PNG,507,481,L,L,True,0.023012543722602894
9617.PNG,1100,687,L,L,True,0.00517665740373164
8383.PNG,621,480,L,L,True,0.0145967525496511
3886.PNG,525,608,L,L,True,0.11590538847117794
3286.PNG,806,526,L,L,True,0.010600156620026606
8799.PNG,1136,566,L,L,True,0.012904058627382671
233.PNG,786,465,L,L,True,0.018528550712741797
4718.PNG,1024,683,L,L,True,0.11971826958272327
7254.PNG,328,447,L,L,True,0.579111420308834
9150.PNG,508,480,L,L,True,0.026738845144356954
5824.PNG,614,487,L,L,True,0.05017758128273214
7555.PNG,504,480,L,L,True,0.16129298941798942
9518.PNG,1031,660,L,L,True,0.09115451312347529
4872.PNG,616,479,L,L,True,0.05077542499254399
3338.PNG,745,580,L,L,True,0.05275399213145105
9188.PNG,504,375,L,L,True,0.04204761904761905
4828.PNG,503,355,L,L,True,0.007913084871055359
3459.PNG,526,377,L,L,True,0.01781626004780587
1192.PNG,720,500,L,L,True,0.2421
2646.PNG,858,582,L,L,True,0.18802016997893287
2147.PNG,616,480,L,L,True,0.010951028138528138
6780.PNG,610,477,L,L,True,0.0570230607966457
9456.PNG,616,480,L,L,True,0.0073998917748917745
8466.PNG,504,480,L,L,True,0.06807208994708995
1522.PNG,860,587,L,L,True,0.08418049998019096
3052.PNG,858,581,L,L,True,0.01375732701033906
6334.PNG,720,500,L,L,True,0.045316666666666665
7814.PNG,504,376,L,L,True,0.021002195204322865
7852.PNG,504,480,L,L,True,0.024710648148148148
6035.PNG,504,480,L,1,True,0.34239004629629627
5832.PNG,544,443,L,L,True,0.09281220953392644
3229.PNG,364,426,L,L,True,0.012130475158644172
7822.PNG,504,480,L,1,True,0.06094990079365079
5376.PNG,513,482,L,L,True,0.021373743256250355
4493.PNG,712,562,L,L,True,0.03228587708424967
9192.PNG,896,660,L,L,True,0.013110457251082251
517.PNG,744,581,L,L,True,0.11903605204227047
2242.PNG,610,477,L,L,True,0.031425920197958555
294.PNG,496,582,L,L,True,0.1485803957432657
2706.PNG,809,547,L,L,True,0.1265244970317927
1835.PNG,837,669,L,L,True,0.3272881831153686
2447.PNG,610,477,L,L,True,0.015661408392617794
9524.PNG,650,600,L,L,True,0.032797435897435896
5426.PNG,896,570,L,L,True,0.10463267543859649
6.PNG,542,600,L,L,True,0.24997847478474786
7935.PNG,614,460,L,L,True,0.02820067979039796
5378.PNG,616,480,L,L,True,0.28781791125541123
6231.PNG,649,613,L,1,True,0.5303579104004906
2694.PNG,809,548,L,L,True,0.054719713442747196
8022.PNG,504,480,L,L,True,0.009949570105820106
1417.PNG,807,593,L,L,True,0.15175811982421936
1784.PNG,739,582,L,L,True,0.2593176438858121
2654.PNG,910,543,L,L,True,0.2854572683301965
7790.PNG,504,296,L,L,True,0.012501340626340627
1238.PNG,720,500,L,L,True,0.1716361111111111
3215.PNG,745,520,L,L,True,0.03414300464636035
3749.PNG,857,586,L,L,True,0.006192727229282241
12.PNG,573,603,L,L,True,0.16885612658059326
8412.PNG,618,480,L,L,True,0.04329490291262136
7204.PNG,616,479,L,L,True,0.3365202125640539
8817.PNG,504,400,L,L,True,0.04747519841269841
7215.PNG,616,479,L,L,True,0.12226838923081094
5591.PNG,750,589,L,L,True,0.14203735144312393
7007.PNG,610,385,L,L,True,0.056725569512454756
3046.PNG,834,641,L,L,True,0.006000815572191233
4416.PNG,854,562,L,L,True,0.01904372973738822
8152.PNG,440,290,L,L,True,0.04422413793103448
157.PNG,712,489,L,L,True,0.12420727924450266
8361.PNG,504,364,L,L,True,0.10290750915750915
6293.PNG,787,470,L,L,True,0.022931141690772934
6119.PNG,1024,551,L,L,True,0.09316335356170599
7338.PNG,496,456,L,L,True,0.049483588002263726
8209.PNG,814,469,L,L,True,0.04717549493668897
6760.PNG,808,557,L,1,True,0.06839815489627958
7611.PNG,634,488,L,L,True,0.006984666701142886
102.PNG,796,340,L,L,True,0.04242536210464085
3171.PNG,898,660,L,L,True,0.003232773165958021
5412.PNG,504,376,L,L,True,0.02269081391421817
964.PNG,854,600,L,L,True,0.07949648711943794
8432.PNG,616,480,L,1,True,0.27247700216450216
5210.PNG,504,480,L,L,True,0.005423280423280424
8174.PNG,616,471,L,1,True,0.045285659139162326
2098.PNG,610,477,L,L,True,0.14097329621610474
1038.PNG,910,624,L,L,True,0.47922125950972105
9546.PNG,760,600,L,L,True,0.01438157894736842
4674.PNG,601,514,L,L,True,0.2719818460801388
1382.PNG,797,574,L,L,True,0.19591543199891578
6657.PNG,1031,660,L,L,True,0.12829850395320813
6043.PNG,815,528,L,L,True,0.08434188510875627
2528.PNG,999,585,L,L,True,0.04793511460178127
127.PNG,420,239,L,L,True,0.3270472205618649
53.PNG,1160,576,L,L,True,0.009280711206896552
2994.PNG,857,581,L,L,True,0.032029434624646275
2029.PNG,610,477,L,L,True,0.07581881293604152
8444.PNG,504,456,L,L,True,0.013201406293511556
3892.PNG,676,484,L,L,True,0.04932698420460658
3334.PNG,750,587,L,L,True,0.02132197614991482
1934.PNG,812,609,L,L,True,0.018476950827893582
1520.PNG,859,588,L,L,True,0.012981793415852953
1134.PNG,494,447,L,L,True,0.18305120053618817
3434.PNG,526,377,L,L,True,0.019651844156892015
4213.PNG,1024,521,L,L,True,0.05472873680422265
7810.PNG,504,349,L,L,True,0.018493882748897076
8751.PNG,508,480,L,L,True,0.02104248687664042
1410.PNG,764,689,L,L,True,0.18965759618234182
1046.PNG,592,501,L,L,True,0.027947483411555268
7227.PNG,616,479,L,L,True,0.02117167800883876
6049.PNG,615,483,L,L,True,0.06614486020636604
5668.PNG,504,480,L,L,True,0.11818783068783069
1406.PNG,731,577,L,L,True,0.07375523664788151
8512.PNG,504,412,L,L,True,0.021064493758668517
7850.PNG,960,607,L,L,True,0.019168725974739155
8562.PNG,640,487,L,L,True,0.030743069815195073
4365.PNG,365,364,L,L,True,0.019193135631491796
4654.PNG,616,477,L,L,True,0.06237237605162133
3801.PNG,509,350,L,L,True,0.021734493404434466
1994.PNG,616,480,L,L,True,0.007690746753246753
3543.PNG,494,331,L,L,True,0.006384774392406766
5715.PNG,912,566,L,L,True,0.025449832620420307
659.PNG,920,733,L,L,True,0.011234355537101845
4116.PNG,1024,579,L,L,True,0.010917597689982728
6462.PNG,1024,679,L,L,True,0.018635228737113402
3266.PNG,744,582,L,L,True,0.2620990836197022
1396.PNG,630,499,L,L,True,0.19300187676941183
5651.PNG,744,589,L,L,True,0.49837979443927194
3615.PNG,1024,679,L,L,True,0.020644444955817378
8932.PNG,507,483,L,L,True,0.09180377407802157
7664.PNG,504,480,L,L,True,0.00882936507936508
3073.PNG,650,600,L,L,True,0.048192307692307694
958.PNG,507,501,L,L,True,0.5379143094481648
8112.PNG,504,480,L,L,True,0.008010912698412698
50.PNG,726,575,L,L,True,0.18010300634806564
9587.PNG,615,484,L,L,True,0.039313310488476784
2327.PNG,610,397,L,L,True,0.0421728537804022
2295.PNG,616,478,L,L,True,0.015506982557191762
7096.PNG,504,441,L,L,True,0.022860202281970988
1126.PNG,1024,465,L,L,True,0.11794354838709678
8020.PNG,504,478,L,L,True,0.006010493458192203
3540.PNG,355,381,L,L,True,0.047473291190713834
1758.PNG,534,499,L,L,True,0.2891325722606261
2430.PNG,610,477,L,L,True,0.03927896346702409
8983.PNG,544,355,L,L,True,0.014716238608119304
9244.PNG,1031,660,L,L,True,0.07210857361196837
2060.PNG,610,459,L,L,True,0.009564627308118146
6942.PNG,611,477,L,L,True,0.053786794854639094
2405.PNG,504,452,L,L,True,0.009393875544318022
615.PNG,1024,579,L,L,True,0.22520307102763384
5298.PNG,417,325,L,L,True,0.02752259730676997
8518.PNG,504,414,L,L,True,0.01511099608925696
1637.PNG,568,554,L,L,True,0.25014618396298366
9694.PNG,954,605,L,L,True,0.023629086750870627
7045.PNG,610,478,L,L,True,0.03373002263529735
3527.PNG,518,346,L,L,True,0.008592407436338071
2008.PNG,1024,579,L,L,True,0.020722015328151985
5746.PNG,504,343,L,L,True,0.0115518996714332
8420.PNG,640,488,L,L,True,0.015186347336065574
7126.PNG,630,499,L,L,True,0.16989216528294684
3489.PNG,502,308,L,L,True,0.004656697883789517
8450.PNG,504,432,L,L,True,0.0419835758377425
5440.PNG,504,483,L,L,True,0.0301809129448881
7610.PNG,640,488,L,L,True,0.03263319672131147
1892.PNG,1056,694,L,L,True,0.13740748624574273
3934.PNG,439,541,L,L,True,0.4349786735944151
3058.PNG,901,589,L,L,True,0.008119633156142298
7834.PNG,507,483,L,1,True,0.3080108297499602
7013.PNG,616,450,L,L,True,0.1721176046176046
3932.PNG,436,453,L,L,True,0.06704538550337201
2585.PNG,763,499,L,L,True,0.0179257597764336
7754.PNG,504,480,L,L,True,0.00505952380952381
298.PNG,829,498,L,L,True,0.014145847563959093
237.PNG,858,582,L,L,True,0.04252877706485954
5842.PNG,923,502,L,L,True,0.14646937709616573
1413.PNG,952,693,L,L,True,0.20405738052796876
3486.PNG,504,360,L,L,True,0.0056823192239858905
5777.PNG,508,480,L,L,True,0.20982201443569554
7171.PNG,589,483,L,L,True,0.233029980280294
9668.PNG,994,702,L,L,True,0.005785424799509307
7877.PNG,504,335,L,L,True,0.001622838190002369
2100.PNG,610,477,L,L,True,0.10173901089459395
4327.PNG,852,485,L,L,True,0.007497216978849039
9146.PNG,447,280,L,L,True,0.22440875679130712
8462.PNG,616,480,L,L,True,0.024431818181818183
3231.PNG,847,625,L,L,True,0.028988902007083824
7911.PNG,546,430,L,L,True,0.008782690178039015
5475.PNG,857,580,L,L,True,0.02113829316380316
547.PNG,746,583,L,L,True,0.35245954409796787
8500.PNG,508,480,L,L,True,0.021546916010498688
4812.PNG,616,523,L,L,True,0.014445879168632514
9120.PNG,504,292,L,L,True,0.022640791476407914
8711.PNG,504,418,L,L,True,0.048687058555479605
1168.PNG,720,500,L,L,True,0.07018611111111112
121.PNG,502,660,L,L,True,0.07833212604128939
7598.PNG,504,387,L,L,True,0.015749969238341332
2337.PNG,616,480,L,L,True,0.011542884199134198
3607.PNG,920,642,L,L,True,0.0448953677366924
3400.PNG,500,245,L,L,True,0.0132
2132.PNG,610,477,L,L,True,0.008980307248169915
9230.PNG,1101,687,L,L,True,0.04813937838698973
7680.PNG,504,319,L,L,True,0.04125615763546798
7824.PNG,508,480,L,L,True,0.04140009842519685
4538.PNG,680,615,L,L,True,0.015227164036346245
6865.PNG,616,480,L,L,True,0.023806141774891775
4301.PNG,720,500,L,L,True,0.15178333333333333
3647.PNG,832,502,L,L,True,0.07178976402083972
1720.PNG,1061,695,L,L,True,0.05978613904352484
7706.PNG,614,443,L,L,True,0.013893280196469144
7737.PNG,616,480,L,L,True,0.08529491341991342
6409.PNG,1031,660,L,L,True,0.043338329953266905
2373.PNG,611,434,L,L,True,0.004657319345033827
2163.PNG,610,477,L,L,True,0.07855105337319998
1020.PNG,840,622,L,L,True,0.1954160924820089
4357.PNG,365,425,L,L,True,0.05416277195809831
1034.PNG,1059,644,L,L,True,0.013275737687611072
6794.PNG,610,477,L,L,True,0.09012956662198852
5331.PNG,815,532,L,L,True,0.03784538032197057
374.PNG,857,587,L,L,True,0.029511448955291526
9406.PNG,1008,660,L,L,True,0.02173220298220298
9731.PNG,1100,687,L,L,True,0.005548498081249173
6081.PNG,815,549,L,L,True,0.09825561254707388
6954.PNG,616,478,L,L,True,0.10582513720589035
8925.PNG,544,444,L,L,True,0.059013977212506626
8106.PNG,504,403,L,L,True,0.19520264681555005
6454.PNG,588,608,L,L,True,0.040821920873612604
7558.PNG,508,480,L,L,True,0.029408628608923886
1309.PNG,866,693,L,L,True,0.027483678753886607
2658.PNG,809,548,L,L,True,0.03289859518374491
633.PNG,526,377,L,L,True,0.05684259361983238
713.PNG,779,487,L,L,True,0.06497826677175234
7099.PNG,508,480,L,L,True,0.010260826771653544
8729.PNG,508,480,L,L,True,0.018581856955380577
9506.PNG,912,600,L,L,True,0.03126461988304093
1921.PNG,609,477,L,L,True,0.08459412102873391
2426.PNG,616,478,L,L,True,0.05251861109601695
8160.PNG,644,488,L,L,True,0.004744297933000713
5366.PNG,512,481,L,1,True,0.1557789760914761
2191.PNG,610,477,L,L,True,0.08572705089871809
7668.PNG,504,398,L,1,True,0.1292524128579405
6476.PNG,743,420,L,L,True,0.03362814843299366
4556.PNG,712,564,L,L,True,0.03633257630090047
916.PNG,698,562,L,L,True,0.0246459125717607
4775.PNG,854,579,L,L,True,0.04305452751048606
8322.PNG,615,487,L,L,True,0.007271998798016727
9260.PNG,760,600,L,L,True,0.025596491228070176
773.PNG,556,663,L,L,True,0.39154649131373637
1518.PNG,998,590,L,L,True,0.1998997995991984
3664.PNG,699,501,L,L,True,0.020391263253178908
5438.PNG,435,267,L,1,True,0.04281716819492875
5271.PNG,430,352,L,L,True,0.05381210359408034
2414.PNG,610,477,L,L,True,0.023548819465924322
3298.PNG,752,591,L,L,True,0.016465961046909314
886.PNG,752,599,L,L,True,0.1677019322985117
5963.PNG,434,344,L,L,True,0.11878416032579574
1243.PNG,720,500,L,L,True,0.2000861111111111
9122.PNG,703,565,L,L,True,0.01330832462644293
7222.PNG,616,400,L,L,True,0.0683685064935065
3790.PNG,1280,514,L,L,True,0.0035186648832684826
4067.PNG,760,600,L,L,True,0.034423245614035085
988.PNG,760,600,L,L,True,0.02743640350877193
4484.PNG,833,565,L,L,True,0.049553272636488226
4907.PNG,606,479,L,L,True,0.33022592447136156
4135.PNG,1024,465,L,L,True,0.011901461693548387
6466.PNG,768,527,L,1,True,0.08821799889310562
643.PNG,676,512,L,L,True,0.021649061575443787
2105.PNG,610,450,L,L,True,0.03438615664845173
5887.PNG,434,338,L,1,True,0.20806178932729802
5350.PNG,440,336,L,L,True,0.023674242424242424
4899.PNG,616,479,L,1,True,0.18158433424612966
3888.PNG,525,608,L,L,True,0.021604010025062657
6626.PNG,760,600,L,L,True,0.008515350877192983
281.PNG,858,581,L,L,True,0.10802651164096948
291.PNG,570,600,L,L,True,0.3279941520467836
3713.PNG,543,545,L,L,True,0.029543649787960195
5615.PNG,920,733,L,L,True,0.007135654546533009
794.PNG,808,546,L,L,True,0.01602110760526602
6574.PNG,896,660,L,L,True,0.23971354166666667
471.PNG,543,339,L,L,True,0.6912867984593404
4678.PNG,839,574,L,L,True,0.052939661867246975
9725.PNG,760,600,L,L,True,0.008537280701754387
5930.PNG,816,557,L,L,True,0.002743601929101982
9128.PNG,640,487,L,L,True,0.016943660164271047
3429.PNG,498,297,L,L,True,0.009756196503184454
1366.PNG,857,586,L,L,True,0.2634119338433539
4391.PNG,365,425,L,L,True,0.020602739726027396
8743.PNG,507,483,L,L,True,0.04781506119298761
231.PNG,830,499,L,L,True,0.03297196803245044
4110.PNG,617,246,L,L,True,0.14632169822508598
6273.PNG,858,582,L,L,True,0.24966356667387596
8307.PNG,544,445,L,L,True,0.024293621943159285
7629.PNG,408,282,L,L,True,0.02972465581977472
2226.PNG,616,478,L,L,True,0.10747907949790796
379.PNG,784,557,L,L,True,0.1561984757996556
3729.PNG,543,545,L,L,True,0.029087468531941135
4620.PNG,832,574,L,L,True,0.031151584695792014
7666.PNG,504,444,L,L,True,0.027701808951808952
7291.PNG,613,479,L,L,True,0.4792508863285733
3651.PNG,1060,695,L,L,True,0.007807791502646939
2178.PNG,616,448,L,L,True,0.01368636943413729
6427.PNG,896,660,L,L,True,0.2968073593073593
892.PNG,838,665,L,L,True,0.19262117106609006
6736.PNG,808,557,L,L,True,0.059021543985637345
948.PNG,574,604,L,L,True,0.054921314350324206
6456.PNG,863,719,L,1,True,0.616302737966501
4876.PNG,616,479,L,L,True,0.06765311932326547
2436.PNG,616,464,L,L,True,0.027922777653381102
9704.PNG,1031,660,L,L,True,0.07315198542162654
1220.PNG,630,499,L,L,True,0.31333142475427045
1778.PNG,839,664,L,L,True,0.21910406823958528
5356.PNG,642,438,L,1,True,0.016070641118650336
5996.PNG,544,444,L,L,True,0.007092110492845787
6248.PNG,796,500,L,L,True,0.26322361809045225
5889.PNG,640,488,L,L,True,0.034541495901639345
9037.PNG,357,408,L,L,True,0.01724611413192728
5990.PNG,864,565,L,1,True,0.26010734185512946
8144.PNG,640,487,L,L,True,0.0060959958932238194
9312.PNG,896,660,L,L,True,0.01125879329004329
2764.PNG,857,581,L,L,True,0.015850031230104616
4319.PNG,504,500,L,L,True,0.016527777777777777
5593.PNG,747,588,L,L,True,0.12635576318880967
4834.PNG,610,478,L,L,True,0.21580698264627204
766.PNG,409,350,L,L,True,0.20988473629060425
1380.PNG,797,574,L,L,True,0.1704737714163304
5912.PNG,437,291,L,L,True,0.1461149512058946
2796.PNG,857,580,L,L,True,0.12182633887257072
4137.PNG,1024,465,L,L,True,0.016887180779569893
7299.PNG,616,479,L,L,True,0.11224344548979205
2054.PNG,610,477,L,L,True,0.0291713922397498
2487.PNG,610,604,L,L,True,0.2807295624796439
455.PNG,752,481,L,L,True,0.26145386384748087
7635.PNG,504,308,L,L,True,0.1056161100803958
7200.PNG,604,479,L,L,True,0.047543170789033445
4426.PNG,712,560,L,L,True,0.014739666934189407
8856.PNG,640,488,L,L,True,0.003858222336065574
4454.PNG,624,564,L,L,True,0.005128773413347882
311.PNG,919,656,L,L,True,0.23009501313729133
4173.PNG,1024,467,L,L,True,0.02139027368843683
7144.PNG,498,461,L,L,True,0.2164144648006342
3597.PNG,920,579,L,L,True,0.00672448749718405
8156.PNG,504,342,L,L,True,0.01087208762647359
8721.PNG,504,480,L,1,True,0.029604828042328044
4602.PNG,858,587,L,L,True,0.04005591228759883
4071.PNG,650,600,L,L,True,0.01041025641025641
7848.PNG,504,343,L,L,True,0.006282104678606137
4394.PNG,365,425,L,L,True,0.052609186140209506
4091.PNG,592,366,L,L,True,0.007855191256830601
6179.PNG,813,548,L,L,True,0.02718372074231691
3254.PNG,743,580,L,L,True,0.02471805819835708
1885.PNG,834,664,L,L,True,0.12206018317875819
9041.PNG,618,480,L,L,True,0.07174689859762676
2513.PNG,856,546,L,L,True,0.1309545205573243
7933.PNG,504,480,L,L,True,0.03923197751322751
4165.PNG,1024,466,L,L,True,0.01752363868025751
1736.PNG,505,478,L,L,True,0.283292597042131
4495.PNG,712,564,L,L,True,0.03188501075782931
8162.PNG,635,454,L,L,True,0.010964653647368969
569.PNG,744,587,L,L,True,0.15842812917880236
2062.PNG,610,477,L,L,True,0.0482730178368904
4751.PNG,796,574,L,L,True,0.019888204086635268
2577.PNG,854,476,L,L,True,0.021630783460925354
5905.PNG,436,280,L,1,True,0.07690858453473132
5873.PNG,496,623,L,L,True,0.06892054574638844
6607.PNG,1008,660,L,L,True,0.19834806397306398
4150.PNG,1024,466,L,L,True,0.0016744065182403432
6031.PNG,507,483,L,L,True,0.0076077768385460695
6425.PNG,896,660,L,1,True,0.05873241341991342
1304.PNG,936,616,L,L,True,0.06027306027306027
984.PNG,760,600,L,L,True,0.05991228070175439
5621.PNG,920,733,L,L,True,0.047630345809359986
7953.PNG,504,480,L,L,True,0.03345734126984127
5877.PNG,504,419,L,L,True,0.05463215516914801
1473.PNG,464,451,L,L,True,0.3957489104671611
5864.PNG,862,567,L,1,True,0.0707145107763824
4104.PNG,490,272,L,L,True,0.07299669867947178
6417.PNG,760,600,L,L,True,0.020771929824561403
1670.PNG,487,537,L,L,True,0.03541234097713741
3555.PNG,521,374,L,L,True,0.003074096503022776
2558.PNG,797,566,L,L,True,0.08021689108006615
2244.PNG,610,476,L,L,True,0.021287367405978783
6205.PNG,551,534,L,1,True,0.45283006042809465
8510.PNG,504,480,L,L,True,0.022643849206349206
1250.PNG,1024,579,L,L,True,0.15238928918393782
9085.PNG,504,349,L,L,True,0.07003001773775412
2754.PNG,783,464,L,L,True,0.06527172237635971
7093.PNG,1031,660,L,L,True,0.0067807071686800105
5360.PNG,635,489,L,L,True,0.022224369193114664
8298.PNG,534,370,L,L,True,0.013316125113877923
3103.PNG,858,582,L,L,True,0.08867020722690826
45.PNG,443,408,L,L,True,0.2691818262293631
8651.PNG,504,442,L,L,True,0.08713998419880772
5456.PNG,560,408,L,L,True,0.21411939775910363
9077.PNG,504,480,L,L,True,0.025243882275132277
9717.PNG,838,470,L,L,True,0.05921139491189763
6233.PNG,806,488,L,L,True,0.18689236464223244
1470.PNG,616,480,L,L,True,0.02710362554112554
4869.PNG,616,479,L,L,True,0.2130893636634764
4614.PNG,1000,585,L,L,True,0.009805128205128206
2876.PNG,650,600,L,L,True,0.05873076923076923
7927.PNG,618,480,L,L,True,0.03310747033441208
4532.PNG,772,605,L,L,True,0.033901425940992595
3782.PNG,409,342,L,L,True,0.2304436723430418
3141.PNG,896,660,L,L,True,0.060430194805194806
1772.PNG,837,669,L,L,True,0.4878087982384236
5274.PNG,504,480,L,1,True,0.281332671957672
6111.PNG,960,559,L,L,True,0.06237701252236136
350.PNG,780,609,L,L,True,0.2594648646372784
2418.PNG,1024,582,L,L,True,0.0697034068943299
9055.PNG,768,601,L,L,True,0.02703176996672213
5944.PNG,1024,579,L,L,True,0.032907963622625214
8787.PNG,504,480,L,L,True,0.047238756613756615
8737.PNG,766,602,L,L,True,0.013273856509632817
9757.PNG,960,607,L,L,True,0.003624382207578254
9480.PNG,1031,660,L,L,True,0.013144049613496753
9400.PNG,1031,660,L,L,True,0.0672236428298504
2206.PNG,610,477,L,L,True,0.05011169536378321
7585.PNG,680,457,L,L,True,0.01679752863946454
2982.PNG,857,580,L,L,True,0.05172816159015008
8476.PNG,509,485,L,L,True,0.042221457071678854
9534.PNG,896,660,L,L,True,0.019751082251082252
557.PNG,674,612,L,L,True,0.037077442252865536
8418.PNG,508,480,L,L,True,0.012212926509186352
2570.PNG,597,341,L,L,True,0.037509148872416825
8693.PNG,504,336,L,L,True,0.011207955404383976
1879.PNG,738,608,L,L,True,0.11251515475681073
2730.PNG,859,583,L,L,True,0.07960510945552789
1090.PNG,617,384,L,L,True,0.031110717179902755
4108.PNG,793,687,L,L,True,0.015534397594673921
7698.PNG,552,443,L,L,True,0.0516897307553898
4534.PNG,712,564,L,L,True,0.04462257948840545
6308.PNG,870,361,L,L,True,0.4740853949756424
4503.PNG,712,564,L,L,True,0.011288250059765718
553.PNG,766,582,L,L,True,0.14165163791015048
390.PNG,1024,683,L,L,True,0.12902921394582723
3856.PNG,784,495,L,L,True,0.02124819624819625
7883.PNG,640,488,L,L,True,0.041972976434426226
4552.PNG,852,557,L,L,True,0.009216881179356208
4271.PNG,995,694,L,L,True,0.021303925969907173
5239.PNG,614,478,L,L,True,0.008879288021479291
1325.PNG,680,616,L,L,True,0.007216864018334606
1538.PNG,483,537,L,L,True,0.33996090542119206
922.PNG,1156,609,L,L,True,0.03405662467826887
9709.PNG,760,600,L,L,True,0.005462719298245614
9246.PNG,1031,660,L,L,True,0.026896511183611086
2936.PNG,857,580,L,L,True,0.043195992435520865
8408.PNG,701,464,L,L,True,0.03687158738747602
6871.PNG,610,477,L,L,True,0.027418634223459463
2166.PNG,611,477,L,L,True,0.015951442286247584
57.PNG,712,564,L,L,True,0.3127564945413977
1514.PNG,859,589,L,L,True,0.1741650871329437
709.PNG,621,501,L,L,True,0.027214492110786477
3348.PNG,745,589,L,L,True,0.032018778272809106
551.PNG,745,589,L,L,True,0.045325372318000025
7674.PNG,812,517,L,L,True,0.007139045840439825
3366.PNG,502,479,L,L,True,0.26316030242287636
8359.PNG,504,480,L,L,True,0.05150049603174603
5678.PNG,435,314,L,L,True,0.03652536788930376
5259.PNG,815,493,L,L,True,0.005826354235368782
3436.PNG,514,324,L,L,True,0.006887399721381563
1190.PNG,720,500,L,L,True,0.03252222222222222
1639.PNG,720,500,L,L,True,0.009258333333333334
7682.PNG,539,360,L,L,True,0.03522469593898166
4031.PNG,854,600,L,L,True,0.021157298985167838
4802.PNG,858,581,L,L,True,0.016166564359335445
6151.PNG,796,566,L,L,True,0.1754177246657315
7267.PNG,616,480,L,L,True,0.15741341991341992
7846.PNG,508,480,L,L,True,0.10383448162729658
388.PNG,814,600,L,L,True,0.08423218673218673
2291.PNG,611,382,L,L,True,0.01382164677252123
3243.PNG,415,426,L,L,True,0.17731206516205666
453.PNG,743,458,L,L,True,0.21655392102123458
6684.PNG,616,480,L,1,True,0.08532535173160173
1273.PNG,676,512,L,L,True,0.008898853550295857
1682.PNG,699,501,L,L,True,0.05486309212761887
3165.PNG,896,660,L,L,True,0.008451704545454545
1484.PNG,787,470,L,L,True,0.024009840763470222
9023.PNG,640,488,L,L,True,0.03018378586065574
9652.PNG,1031,660,L,L,True,0.018286159362784
7146.PNG,616,479,L,L,True,0.030820432177425916
2933.PNG,858,581,L,L,True,0.11804460599641323
7085.PNG,1031,660,L,L,True,0.049077094906386856
3814.PNG,785,590,L,L,True,0.010506315448558783
5783.PNG,508,480,L,L,True,0.04199475065616798
316.PNG,857,580,L,L,True,0.20228543837766064
3239.PNG,745,589,L,L,True,0.04473741183441392
7331.PNG,616,479,L,L,True,0.0678429086571049
8616.PNG,696,408,L,L,True,0.0101701600180302
6069.PNG,506,287,L,L,True,0.0314139730894768
8290.PNG,852,428,L,L,True,0.0216286033960774
3080.PNG,858,588,L,L,True,0.07173580387866102
4027.PNG,570,600,L,L,True,0.02602923976608187
5757.PNG,504,338,L,L,True,0.03958861651169344
2882.PNG,811,541,L,L,True,0.03842042525259202
3850.PNG,785,589,L,L,True,0.02092070117764104
1581.PNG,716,560,L,L,True,0.058793894652833203
3312.PNG,783,470,L,L,True,0.006940028803565121
9611.PNG,614,484,L,L,True,0.1053079656499852
6645.PNG,1031,660,L,L,True,0.10904535167386768
3086.PNG,857,587,L,L,True,0.029734086856611254
5885.PNG,813,480,L,L,True,0.0033364083640836407
3487.PNG,523,381,L,L,True,0.03069310408856637
9766.PNG,504,330,L,L,True,0.15689033189033189
783.PNG,784,453,L,L,True,0.024533157633914494
5690.PNG,450,338,L,L,True,0.12800131492439185
3954.PNG,650,599,L,L,True,0.018597662771285477
5639.PNG,745,580,L,1,True,0.08572784077759778
3016.PNG,858,581,L,L,True,0.007851586164839178
1948.PNG,852,455,L,L,True,0.1327245524428623
1593.PNG,718,557,L,L,True,0.0518595940248946
5212.PNG,554,446,L,L,True,0.007236405432970164
9568.PNG,1094,682,L,L,True,0.06764168190127971
9332.PNG,760,600,L,L,True,0.1439035087719298
3988.PNG,805,546,L,L,True,0.0056901690442063115
7087.PNG,1031,660,L,L,True,0.01093378008993916
5290.PNG,672,444,L,L,True,0.017501876876876876
9670.PNG,896,660,L,L,True,0.0989752435064935
672.PNG,1024,679,L,L,True,0.1463463043078056
8337.PNG,504,281,L,L,True,0.06277184657967576
7073.PNG,760,600,L,L,True,0.026464912280701754
4958.PNG,550,445,L,L,True,0.17577119509703779
9522.PNG,760,600,L,L,True,0.1350921052631579
595.PNG,747,588,L,L,True,0.12628518609585734
6012.PNG,507,480,L,L,True,0.0032462195923734383
1684.PNG,559,501,L,L,True,0.46733366897689416
5710.PNG,784,791,L,L,True,0.20597796640780205
366.PNG,858,589,L,L,True,0.11630870544283108
6020.PNG,508,481,L,L,True,0.11377216101625551
6437.PNG,598,660,L,1,True,0.3090985101854667
4243.PNG,1024,466,L,L,True,0.034682638143776826
4241.PNG,1024,465,L,L,True,0.040270077284946235
3191.PNG,752,589,L,L,True,0.027573330202651448
4640.PNG,720,527,L,L,True,0.0017499472907442546
735.PNG,560,499,L,L,True,0.2753542799885485
3563.PNG,462,274,L,L,True,0.008831800802603722
175.PNG,857,580,L,L,True,0.022604916911439264
2900.PNG,809,547,L,L,True,0.03710089645057997
7187.PNG,614,475,L,L,True,0.06278415909480542
932.PNG,698,562,L,L,True,0.05048486269871213
4672.PNG,794,574,L,L,True,0.014132562160454278
34.PNG,408,406,L,L,True,0.07828045011107891
8763.PNG,504,480,L,L,True,0.14991319444444445
5978.PNG,615,487,L,L,True,0.022440359927213237
3665.PNG,699,501,L,L,True,0.06610241605487166
529.PNG,770,581,L,L,True,0.11787111339607037
3667.PNG,701,471,L,L,True,0.017218350491109154
4043.PNG,650,600,L,L,True,0.02071282051282051
2442.PNG,616,479,L,L,True,0.16256812081446737
8371.PNG,640,487,L,L,True,0.01488064681724846
4818.PNG,858,581,L,L,True,0.04916168169180218
5408.PNG,496,368,L,L,True,0.004256881136044881
3088.PNG,857,586,L,L,True,0.03382901700909196
3979.PNG,785,396,L,L,True,0.01060927748825838
3006.PNG,806,519,L,L,True,0.01067140951534015
9648.PNG,650,600,L,L,True,0.13572564102564103
2844.PNG,928,631,L,L,True,0.38298028580796767
9619.PNG,896,660,L,L,True,0.012041734307359307
1122.PNG,1024,465,L,L,True,0.14440314180107527
902.PNG,609,480,L,L,True,0.0642275588396278
7262.PNG,496,462,L,L,True,0.026314411395056556
9178.PNG,504,480,L,L,True,0.04406415343915344
7303.PNG,502,445,L,L,True,0.17025381619589058
8725.PNG,640,487,L,L,True,0.03880261806981519
3763.PNG,858,580,L,L,True,0.07807853066473756
5269.PNG,736,521,L,1,True,0.033396269715430194
3894.PNG,618,664,L,L,True,0.0025904589230709243
6113.PNG,699,501,L,L,True,0.09743888474838591
6778.PNG,610,474,L,L,True,0.07308224389569067
1430.PNG,696,504,L,L,True,0.011120803685458858
8741.PNG,504,480,L,L,True,0.06358300264550265
1583.PNG,715,556,L,L,True,0.08556874779896363
6491.PNG,664,600,L,L,True,0.4030722891566265
8862.PNG,640,487,L,L,True,0.021329568788501025
5696.PNG,504,480,L,L,True,0.010193452380952381
6274.PNG,859,667,L,L,True,0.44259476780817975
7842.PNG,1080,818,L,L,True,0.013574209906728245
8991.PNG,435,327,L,L,True,0.019487503954444797
6918.PNG,610,452,L,L,True,0.007808646452923255
8050.PNG,504,481,L,L,True,0.010918885918885918
7970.PNG,504,480,L,L,True,0.024429563492063492
2684.PNG,857,581,L,L,True,0.030252029956800028
9488.PNG,896,660,L,L,True,0.05732717803030303
9719.PNG,760,600,L,L,True,0.016701754385964912
4171.PNG,1024,466,L,L,True,0.008405562634120171
2762.PNG,831,580,L,L,True,0.030837379144362836
6996.PNG,1024,579,L,L,True,0.025540735643350604
974.PNG,854,600,L,L,True,0.02270296643247463
78.PNG,630,499,L,L,True,0.4196679072430575
9548.PNG,614,484,L,L,True,0.06391162139607505
2211.PNG,610,477,L,L,True,0.09015018730453311
8365.PNG,508,480,L,L,True,0.009046916010498687
8168.PNG,504,373,L,L,True,0.007776926677730968
1496.PNG,813,548,L,L,True,0.17789614027527137
376.PNG,692,607,L,L,True,0.20118606622163393
5170.PNG,540,361,L,L,True,0.026208064019698368
4598.PNG,857,586,L,L,True,0.19679133097837126
6193.PNG,796,574,L,L,True,0.03323674119727558
3810.PNG,783,600,L,L,True,0.06287143465304385
3707.PNG,423,356,L,L,True,0.08735755837118496
8184.PNG,504,368,L,L,True,0.10704580745341614
2459.PNG,610,477,L,L,True,0.11669244251984741
3581.PNG,526,377,L,L,True,0.016157174410747245
8747.PNG,504,436,L,L,True,0.012118647153050824
9017.PNG,504,478,L,L,True,0.014893405060769077
2189.PNG,610,477,L,L,True,0.013592466577310376
4961.PNG,614,478,L,L,True,0.0200448393823341
6271.PNG,808,552,L,L,True,0.06117045128425886
6509.PNG,1058,702,L,L,True,0.05759267337717243
7613.PNG,504,480,L,L,True,0.11806795634920635
1942.PNG,720,500,L,L,True,0.027316666666666666
9631.PNG,896,660,L,L,True,0.0318164908008658
5903.PNG,506,483,L,L,True,0.005523776790317433
5200.PNG,616,480,L,L,True,0.39682426948051946
9152.PNG,504,480,L,L,True,0.09887979497354497
2758.PNG,767,602,L,L,True,0.01057968440703955
4283.PNG,630,498,L,L,True,0.1587429081404985
4622.PNG,797,574,L,L,True,0.03221357092581501
5572.PNG,746,585,L,L,True,0.13772599161339108
9440.PNG,760,600,L,L,True,0.0633640350877193
75.PNG,630,499,L,L,True,0.3767121544676655
144.PNG,797,574,L,L,True,0.10524877699036894
6588.PNG,1008,660,L,L,True,0.2124098124098124
956.PNG,686,446,L,L,True,0.21921452757912901
9015.PNG,618,480,L,1,True,0.07427184466019418
5934.PNG,508,480,L,1,True,0.007726377952755906
9262.PNG,996,676,L,L,True,0.029340735723960933
9478.PNG,1069,704,L,L,True,0.0070823411854749555
5649.PNG,750,502,L,L,True,0.045033200531208496
1930.PNG,838,688,L,L,True,0.17133297718821114
9500.PNG,912,600,L,L,True,0.045440423976608184
7774.PNG,892,543,L,L,True,0.005787065711996961
1058.PNG,569,336,L,L,True,0.17430328897815717
8514.PNG,815,497,L,L,True,0.01443013911691005
1917.PNG,738,586,L,L,True,0.10918033241765865
6149.PNG,859,585,L,1,True,0.30822164512502115
1641.PNG,581,541,L,L,True,0.3975776356018211
2993.PNG,856,580,L,L,True,0.02805752497582984
4295.PNG,720,500,L,L,True,0.008025
5448.PNG,727,666,L,L,True,0.22130934235473437
8689.PNG,502,479,L,L,True,0.021392509294762496
3649.PNG,812,522,L,L,True,0.06443340316705358
1827.PNG,630,499,L,L,True,0.21747622228584151
4978.PNG,595,358,L,L,True,0.05830712173137411
9554.PNG,896,660,L,L,True,0.14749729437229436
843.PNG,576,600,L,L,True,0.20911747685185186
2987.PNG,829,498,L,L,True,0.010982409735443583
1319.PNG,866,693,L,L,True,0.021595033142377252
9061.PNG,504,451,L,L,True,0.08178914581353605
861.PNG,837,582,L,L,True,0.22287502001502665
1889.PNG,859,663,L,L,True,0.021007274585306497
67.PNG,762,500,L,L,True,0.026711286089238846
3282.PNG,743,589,L,L,True,0.4582989623583554
1031.PNG,859,545,L,L,True,0.15336800845873697
2043.PNG,610,454,L,L,True,0.01670759009171662
5858.PNG,504,480,L,L,True,0.02496279761904762
4197.PNG,1024,466,L,L,True,0.027475774543991416
2552.PNG,852,353,L,L,True,0.03652129965819468
9380.PNG,760,600,L,L,True,0.09762280701754386
7230.PNG,561,466,L,L,True,0.11509566760765953
3322.PNG,661,557,L,L,True,0.04412823180155197
7111.PNG,796,500,L,L,True,0.19052261306532664
7899.PNG,504,360,L,L,True,0.018452380952380953
7994.PNG,507,483,L,1,True,0.19723049154487282
7646.PNG,504,410,L,L,True,0.00613627564847077
3133.PNG,724,618,L,L,True,0.09188211840011443
8965.PNG,504,288,L,L,True,0.031746031746031744
5292.PNG,507,482,L,L,True,0.07455375776473766
9486.PNG,1031,660,L,L,True,0.0208608882226729
5466.PNG,778,587,L,L,True,0.3135589880136461
8580.PNG,504,466,L,1,True,0.2659922338033926
7081.PNG,494,477,L,L,True,0.3131710505096801
4763.PNG,840,493,L,L,True,0.008036317975466048
2687.PNG,859,583,L,L,True,0.10430174302162354
9242.PNG,1094,682,L,L,True,0.10155500276099438
7174.PNG,595,347,L,L,True,0.11291986535248105
8486.PNG,508,480,L,L,True,0.008993602362204724
5670.PNG,504,404,L,L,True,0.15627455602703128
3826.PNG,941,687,L,L,True,0.031506635296155876
441.PNG,746,582,L,L,True,0.4873114802428531
4181.PNG,1024,466,L,L,True,0.09432001072961374
2020.PNG,610,476,L,L,True,0.09081829453092713
9759.PNG,761,753,L,L,True,0.010676522992567617
4141.PNG,1024,523,L,L,True,0.06099314352294455
7748.PNG,504,280,L,L,True,0.016638321995464854
878.PNG,381,453,L,L,True,0.4580081463327018
4540.PNG,624,564,L,L,True,0.0637502273140571
2316.PNG,610,476,L,L,True,0.13839716214354594
2980.PNG,857,581,L,L,True,0.032009350956083045
6845.PNG,616,461,L,L,True,0.010733301405752599
4037.PNG,854,600,L,L,True,0.04856752537080406
5960.PNG,504,424,L,L,True,0.03811489218328841
5836.PNG,812,536,L,L,True,0.08046972649069921
8018.PNG,508,480,L,L,True,0.18198818897637795
6057.PNG,816,557,L,L,True,0.029776991586580773
5193.PNG,544,443,L,L,True,0.004672354269021378
1508.PNG,742,580,L,L,True,0.14281764104470676
5813.PNG,504,480,L,L,True,0.06745618386243386
8903.PNG,640,487,L,L,True,0.014826103696098563
2004.PNG,610,477,L,L,True,0.018283671856205108
1108.PNG,1024,580,L,L,True,0.2112237338362069
5288.PNG,508,480,L,L,True,0.0059793307086614175
6758.PNG,832,581,L,L,True,0.04906369985436251
3169.PNG,716,660,L,L,True,0.01632385305569663
5520.PNG,750,445,L,L,True,0.03315655430711611
4676.PNG,560,499,L,L,True,0.3966504437446321
8098.PNG,504,452,L,L,True,0.013419195111672989
6653.PNG,650,600,L,L,True,0.37798461538461536
7654.PNG,504,269,L,L,True,0.15976278987431403
8791.PNG,702,564,L,L,True,0.04318209371400861
3818.PNG,785,590,L,L,True,0.02713807621720825
666.PNG,920,642,L,L,True,0.013434579439252336
7881.PNG,504,351,L,L,True,0.039145525256636365
3326.PNG,743,589,L,L,True,0.016338114421642173
3450.PNG,515,311,L,L,True,0.11515624512221771
2287.PNG,610,477,L,L,True,0.036794171220400726
8846.PNG,800,564,L,L,True,0.02573581560283688
4862.PNG,487,445,L,1,True,0.16361580878111806
7593.PNG,504,326,L,L,True,0.008039974681078976
9388.PNG,896,660,L,L,True,0.03168628246753247
9350.PNG,1031,660,L,L,True,0.016900332128266173
4169.PNG,1024,522,L,L,True,0.009445716594827586
7341.PNG,616,479,L,L,True,0.37316649947130115
163.PNG,858,580,L,L,True,0.2974178120729845
6376.PNG,614,484,L,L,True,0.018174415161385845
7840.PNG,618,480,L,L,True,0.010730177993527507
8079.PNG,508,480,L,L,True,0.10604084645669291
6065.PNG,700,475,L,L,True,0.034153383458646616
2636.PNG,866,675,L,L,True,0.040208707552818405
3697.PNG,432,446,L,L,True,0.03130709184520844
3078.PNG,858,532,L,L,True,0.07800751879699248
2260.PNG,610,477,L,L,True,0.022950819672131147
4723.PNG,1024,683,L,L,True,0.027375205893118596
4337.PNG,762,500,L,L,True,0.09080839895013124
8278.PNG,789,542,L,L,True,0.13947778261052574
3591.PNG,526,377,L,L,True,0.006026162116367964
3175.PNG,896,660,L,L,True,0.011228354978354978
435.PNG,940,669,L,L,True,0.2017301148109277
9528.PNG,896,660,L,L,True,0.005776515151515151
271.PNG,570,600,L,L,True,0.3160350877192982
1252.PNG,1024,414,L,L,True,0.18615545742753623
1359.PNG,837,506,L,L,True,0.1497915102403181
3944.PNG,496,455,L,L,True,0.05113878057426444
9027.PNG,508,480,L,L,True,0.010027066929133858
5658.PNG,507,482,L,L,True,0.024237439334790115
7784.PNG,640,487,L,1,True,0.040278490759753593
8246.PNG,1031,660,L,L,True,0.02017164859065926
1819.PNG,442,233,L,L,True,0.10522789505369662
469.PNG,742,587,L,L,True,0.42144487250719775
7581.PNG,549,433,L,L,True,0.025841652048444158
6107.PNG,699,501,L,L,True,0.22295894619916104
4398.PNG,365,425,L,L,True,0.051687348912167606
7955.PNG,504,480,L,L,True,0.019866071428571427
8797.PNG,1260,795,L,L,True,0.006441050214635121
4612.PNG,998,590,L,L,True,0.08531130056723617
5548.PNG,755,577,L,L,True,0.028739655904599034
3710.PNG,543,545,L,L,True,0.12336492810921316
2710.PNG,857,581,L,L,True,0.010184428328416182
6061.PNG,439,347,L,1,True,0.1264269724879048
4099.PNG,867,553,L,L,True,0.07026578315615152
3491.PNG,490,269,L,L,True,0.014611941430847432
1360.PNG,998,589,L,L,True,0.23941091010544008
4686.PNG,762,500,L,L,True,0.17085564304461942
817.PNG,923,789,L,L,True,0.1335947830887048
900.PNG,547,532,L,L,True,0.1840318346139572
6831.PNG,616,478,L,L,True,0.19824213443460306
6256.PNG,847,648,L,L,True,0.013329543632573935
6806.PNG,610,458,L,L,True,0.009288424368243968
6966.PNG,610,411,L,L,True,0.004439392126361135
3623.PNG,548,495,L,L,True,0.10826144658261447
3983.PNG,906,600,L,L,True,0.009955849889624724
5346.PNG,504,480,L,L,True,0.16006944444444443
4634.PNG,720,527,L,L,True,0.012044064937803078
1457.PNG,482,478,L,L,True,0.034753207520963905
2532.PNG,504,499,L,L,True,0.03229872443299297
2355.PNG,610,477,L,L,True,0.03177990858164072
1266.PNG,365,425,L,L,True,0.08774214343271555
3938.PNG,650,599,L,L,True,0.05673044818286888
3354.PNG,743,589,L,L,True,0.12460611433938033
3829.PNG,808,472,L,L,True,0.05485138026514516
7179.PNG,610,413,L,L,True,0.05909181121740166
3416.PNG,540,376,L,L,True,0.013805161544523247
8930.PNG,785,590,L,L,True,0.006624203821656051
7875.PNG,434,344,L,L,True,0.10978190976315508
4554.PNG,680,616,L,L,True,0.019416061879297175
6117.PNG,781,566,L,L,True,0.37250421901793024
2172.PNG,610,477,L,L,True,0.017527580162903393
5702.PNG,508,480,L,L,True,0.026956200787401574
2583.PNG,762,499,L,L,True,0.2323991815652302
2746.PNG,857,573,L,L,True,0.070119598176194
5613.PNG,920,642,L,L,True,0.13040938642828118
7261.PNG,616,478,L,L,True,0.10934698147041243
6413.PNG,650,600,L,L,True,0.26993076923076925
8288.PNG,505,479,L,1,True,0.1625994749788131
1536.PNG,545,532,L,L,True,0.1062633648341036
2766.PNG,787,471,L,L,True,0.050067848827955334
9462.PNG,1058,702,L,L,True,0.010040176864373461
825.PNG,923,789,L,L,True,0.09728704683987713
1560.PNG,672,603,L,L,True,0.19447652609966043
6609.PNG,845,600,L,L,True,0.3172169625246548
6525.PNG,1031,660,L,L,True,0.02827646004173647
8612.PNG,504,366,L,L,True,0.004716367421285454
6320.PNG,616,478,L,L,True,0.06735654512851165
1094.PNG,313,206,L,L,True,0.10260864170724898
4462.PNG,624,564,L,L,True,0.012382933260592834
5686.PNG,488,502,L,L,True,0.048196558030174384
7312.PNG,590,344,L,L,True,0.10769609775325187
668.PNG,940,744,L,L,True,0.03473032486845116
3201.PNG,745,464,L,L,True,0.023958574404073132
2724.PNG,932,594,L,L,True,0.005975347177063915
8092.PNG,508,480,L,L,True,0.018495734908136482
5791.PNG,504,483,L,L,True,0.1319095270958625
7676.PNG,504,480,L,L,True,0.00784970238095238
4251.PNG,1024,466,L,L,True,0.14517041644313305
3050.PNG,807,541,L,L,True,0.014240002565353526
1300.PNG,772,616,L,L,True,0.01375664490949465
6499.PNG,896,660,L,1,True,0.07661830357142857
4317.PNG,720,500,L,L,True,0.005988888888888889
4333.PNG,720,500,L,L,True,0.026725
6813.PNG,808,557,L,L,True,0.1637973941020673
9282.PNG,896,660,L,L,True,0.2054484577922078
4017.PNG,570,600,L,L,True,0.03063157894736842
8426.PNG,508,480,L,L,True,0.00808727034120735
726.PNG,704,484,L,L,True,0.07822184917355372
94.PNG,797,566,L,L,True,0.24478499319444383
1445.PNG,876,435,L,L,True,0.009019576969506114
299.PNG,809,547,L,L,True,0.16119162167842124
2888.PNG,781,591,L,L,True,0.028214510876983172
4187.PNG,1024,467,L,L,True,0.00747582641862955
6415.PNG,1031,660,L,L,True,0.07351497516385974
3661.PNG,780,617,L,L,True,0.47198188089598136
9316.PNG,1031,660,L,L,True,0.05345060694236252
9466.PNG,760,600,L,L,True,0.02805921052631579
8234.PNG,1100,687,L,L,True,0.0066137356093687975
155.PNG,688,550,L,L,True,0.06511099365750529
6560.PNG,1058,600,L,L,True,0.2873503465658475
5524.PNG,745,580,L,L,True,0.16775746355010415
273.PNG,781,622,L,L,True,0.19550127423412147
5643.PNG,661,585,L,L,True,0.09790397869066553
1354.PNG,712,564,L,L,True,0.2016370826360666
8844.PNG,634,488,L,L,True,0.020882892899622484
5410.PNG,508,480,L,L,True,0.1456036745406824
1419.PNG,617,562,L,L,True,0.2126348939017286
1062.PNG,466,336,L,L,True,0.030317545473124874
4452.PNG,764,679,L,L,True,0.007986413651119215
4710.PNG,930,600,L,L,True,0.02236200716845878
1432.PNG,837,664,L,L,True,0.25742935901311337
2343.PNG,610,477,L,L,True,0.0644671271952435
5342.PNG,504,480,L,L,True,0.09264219576719576
2954.PNG,832,665,L,L,True,0.05777544823597455
6587.PNG,760,600,L,L,True,0.02105482456140351
5280.PNG,508,480,L,L,True,0.020796423884514435
3780.PNG,768,527,L,L,True,0.009210942441492726
4636.PNG,797,488,L,L,True,0.017825554847069956
3241.PNG,590,433,L,L,True,0.743480643519787
8325.PNG,702,416,L,L,True,0.0173885053692746
8538.PNG,507,483,L,L,True,0.012961397576782193
3219.PNG,592,633,L,L,True,0.19389383459288673
8655.PNG,618,480,L,L,True,0.012425836030204963
5263.PNG,504,466,L,L,True,0.1462846583554738
7319.PNG,616,480,L,L,True,0.07931547619047619
9468.PNG,1008,660,L,L,True,0.02461670274170274
8214.PNG,640,488,L,L,True,0.040817110655737704
6223.PNG,809,554,L,L,True,0.1562208547344183
4664.PNG,831,577,L,L,True,0.02612375309445303
5225.PNG,508,480,L,L,True,0.028120898950131232
9358.PNG,996,676,L,L,True,0.004651743066942326
443.PNG,743,587,L,L,True,0.3539107765607911
9512.PNG,760,600,L,L,True,0.02012938596491228
2716.PNG,857,581,L,L,True,0.043607669551350925
7619.PNG,492,376,L,L,True,0.04778044455976475
1142.PNG,1246,609,L,L,True,0.17634229205048932
8645.PNG,504,480,L,1,True,0.005849041005291006
7780.PNG,504,480,L,L,True,0.04715195105820106
3097.PNG,858,587,L,L,True,0.004104073098962367
4616.PNG,999,458,L,L,True,0.017718591954399815
8675.PNG,656,602,L,L,True,0.047324467223077545
7274.PNG,617,443,L,L,True,0.2413813288650025
4354.PNG,402,398,L,L,True,0.016556663916597915
4816.PNG,857,588,L,L,True,0.022622818088729076
4608.PNG,857,587,L,L,True,0.03622239140935755
3062.PNG,809,548,L,L,True,0.10225519475246542
653.PNG,676,512,L,L,True,0.5581574750369822
8351.PNG,508,480,L,1,True,0.042191601049868764
3448.PNG,526,377,L,L,True,0.011537957257112888
6637.PNG,1031,660,L,L,True,0.02279046527349146
5875.PNG,504,344,L,L,True,0.0756390734588409
2422.PNG,610,477,L,L,True,0.06088943877375674
505.PNG,744,582,L,L,True,0.04655110298193105
6734.PNG,616,478,L,1,True,0.22452181709503885
7714.PNG,504,480,L,L,True,0.021011078042328043
8502.PNG,618,480,L,L,True,0.01444848975188781
998.PNG,913,557,L,L,True,0.059108311817532906
9676.PNG,896,660,L,L,True,0.09485761634199134
8598.PNG,508,480,L,L,True,0.02871965223097113
4698.PNG,857,586,L,L,True,0.017011083189632858
864.PNG,547,532,L,L,True,0.4506398537477148
227.PNG,813,547,L,L,True,0.023203833500857862
2772.PNG,857,581,L,L,True,0.04371411299473607
5478.PNG,753,370,L,L,True,0.47404974695811347
8032.PNG,640,487,L,L,True,0.0383245636550308
5428.PNG,619,470,L,L,True,0.20044340563022034
8472.PNG,640,488,L,L,True,0.01759733606557377
9664.PNG,760,600,L,L,True,0.15390570175438598
416.PNG,814,600,L,L,True,0.1560995085995086
5224.PNG,435,352,L,L,True,0.2787225705329154
6558.PNG,896,660,L,L,True,0.028519007034632036
8188.PNG,618,480,L,L,True,0.015173274002157497
6217.PNG,820,639,L,L,True,0.2195255544104737
2587.PNG,720,500,L,L,True,0.3255111111111111
5267.PNG,815,557,L,L,True,0.14328953310350145
821.PNG,657,604,L,L,True,0.22414496960899938
3316.PNG,750,563,L,L,True,0.03387566607460035
2722.PNG,857,580,L,L,True,0.018150726270470367
4755.PNG,796,574,L,L,True,0.0054869294206222755
6159.PNG,858,580,L,L,True,0.26613817217265495
5218.PNG,815,550,L,L,True,0.01169882877858338
3725.PNG,543,545,L,L,True,0.12638924088059877
4656.PNG,996,458,L,L,True,0.010265954648287473
3308.PNG,745,489,L,L,True,0.028588682559942905
6079.PNG,816,523,L,L,True,0.01871040002999288
5582.PNG,588,608,L,L,True,0.22092340225563908
2258.PNG,610,477,L,L,True,0.024170876722686186
4871.PNG,616,479,L,L,True,0.284853455521514
3687.PNG,826,554,L,L,True,0.013124885271981888
701.PNG,621,501,L,L,True,0.15366047293496743
3812.PNG,879,552,L,L,True,0.020166608959456562
764.PNG,768,527,L,L,True,0.03582335151802656
6855.PNG,616,480,L,L,True,0.014221455627705628
1443.PNG,777,596,L,L,True,0.2769752014718458
1978.PNG,610,477,L,L,True,0.007584974395985841
8842.PNG,504,412,L,L,True,0.01615715056249037
1311.PNG,624,564,L,L,True,0.09087731860338244
1996.PNG,610,477,L,L,True,0.027927277726226073
6449.PNG,746,580,L,L,True,0.040427105482111494
2960.PNG,765,602,L,L,True,0.05084793607365427
8236.PNG,912,600,L,L,True,0.006324926900584795
8836.PNG,508,480,L,L,True,0.011847933070866143
6280.PNG,827,544,L,L,True,0.23430053702254783
6505.PNG,1031,660,L,L,True,0.00461893425036005
4444.PNG,778,617,L,L,True,0.053797085991175476
9368.PNG,760,600,L,L,True,0.01654385964912281
8975.PNG,640,487,L,L,True,0.007741914784394251
4063.PNG,650,522,L,L,True,0.10980253463012084
8981.PNG,435,284,L,L,True,0.040205601424639796
2403.PNG,610,477,L,L,True,0.022665566896930955
8260.PNG,760,600,L,L,True,0.056771929824561404
5458.PNG,551,421,L,1,True,0.12789098637329666
459.PNG,743,487,L,L,True,0.017399907694263504
8211.PNG,504,302,L,L,True,0.012430358456848523
5751.PNG,504,343,L,L,True,0.008601740015734185
5484.PNG,753,587,L,L,True,0.08042107549359631
8030.PNG,613,484,L,L,True,0.017482776751648173
1092.PNG,926,500,L,L,True,0.07453131749460043
5974.PNG,504,480,L,L,True,0.07465691137566137
7276.PNG,550,445,L,L,True,0.1312482124616956
603.PNG,592,487,L,L,True,0.030554553526832787
6933.PNG,616,479,L,L,True,0.25447360572621536
5564.PNG,746,583,L,L,True,0.34481672407212394
1048.PNG,929,547,L,L,True,0.05430344200581309
1617.PNG,714,556,L,L,True,0.07786963706345848
8285.PNG,505,478,L,L,True,0.015344463316624549
3578.PNG,526,377,L,L,True,0.005426067311474418
368.PNG,857,581,L,L,True,0.17063687321380872
2951.PNG,831,664,L,L,True,0.01242696417438708
9609.PNG,1072,660,L,L,True,0.016523914518317504
731.PNG,745,587,L,L,True,0.22584635788847857
6615.PNG,598,660,L,1,True,0.38677156177156174
5302.PNG,513,480,L,L,True,0.1523676088369071
6306.PNG,1120,782,L,L,True,0.020486618560467667
3465.PNG,535,366,L,L,True,0.011577549665492059
8084.PNG,504,483,L,L,True,0.012048539222452265
249.PNG,858,582,L,L,True,0.21071940659569527
8506.PNG,504,366,L,L,True,0.0040007806401249025
4489.PNG,712,564,L,L,True,0.01442096979839031
7750.PNG,504,411,L,L,True,0.005218591897424014
3406.PNG,518,327,L,L,True,0.008017191503430035
9198.PNG,1008,660,L,L,True,0.012803631553631553
5744.PNG,368,223,L,L,True,0.14888379801130824
7704.PNG,504,336,L,L,True,0.009064389644746788
3558.PNG,512,352,L,L,True,0.01903742009943182
3038.PNG,832,663,L,L,True,0.03361033762617473
7307.PNG,619,479,L,L,True,0.011575003119719663
9404.PNG,1008,660,L,L,True,0.012288059163059164
8442.PNG,504,306,L,L,True,0.024101307189542485
207.PNG,925,677,L,L,True,0.18927542017645416
9700.PNG,1031,660,L,L,True,0.018073068218558034
515.PNG,661,585,L,L,True,0.5150342009646094
2672.PNG,857,581,L,L,True,0.010485683356864698
7627.PNG,637,483,L,1,True,0.035547711679033776
5742.PNG,504,481,L,L,True,0.009904134904134904
295.PNG,858,580,L,L,True,0.28114098545133026
5532.PNG,744,582,L,L,True,0.041569670768207514
3621.PNG,1024,679,L,L,True,0.09340338503313697
1900.PNG,616,477,L,L,True,0.02822701407607068
1603.PNG,592,634,L,L,True,0.12320690169664933
4783.PNG,836,498,L,L,True,0.00518341307814992
6713.PNG,504,478,L,L,True,0.06999651324965132
2666.PNG,859,583,L,L,True,0.018502507003835884
433.PNG,592,632,L,L,True,0.12970139839206296
86.PNG,779,565,L,L,True,0.017846797005464234
463.PNG,745,589,L,L,True,0.055250054124269324
9711.PNG,912,600,L,L,True,0.23794590643274854
6859.PNG,610,477,L,L,True,0.04151974430353645
6857.PNG,504,478,L,L,True,0.0708972570897257
2601.PNG,762,500,L,L,True,0.017971128608923883
5860.PNG,504,480,L,1,True,0.013988095238095239
533.PNG,743,587,L,L,True,0.3701096663693622
5164.PNG,615,483,L,L,True,0.00713023279301116
3107.PNG,856,586,L,L,True,0.02479386622436286
7870.PNG,640,487,L,L,True,0.018717915811088295
1762.PNG,739,544,L,L,True,0.10548336384621508
4522.PNG,712,564,L,L,True,0.029618893935771776
6000.PNG,815,547,L,L,True,0.03167977030315945
1589.PNG,713,559,L,L,True,0.41720965358396456
8907.PNG,508,480,L,L,True,0.04312253937007874
2495.PNG,880,575,L,L,True,0.18040118577075098
8170.PNG,634,488,L,L,True,0.02159073279205668
5358.PNG,513,480,L,1,True,0.10337069525666016
2511.PNG,998,698,L,L,True,0.04012322639548438
6185.PNG,503,478,L,L,True,0.039848773467978736
4313.PNG,720,500,L,L,True,0.04074166666666667
827.PNG,923,789,L,L,True,0.09160216245312373
495.PNG,747,580,L,L,True,0.16070488851959563
4019.PNG,799,600,L,L,True,0.01945139758030872
1723.PNG,505,478,L,L,True,0.28725299308173496
4513.PNG,712,438,L,L,True,0.008962469857883126
609.PNG,384,326,L,L,True,0.20613656697341512
6517.PNG,1031,660,L,1,True,0.20196925609146754
4101.PNG,818,549,L,L,True,0.035434508619806626
4591.PNG,624,564,L,L,True,0.00947899618112384
7921.PNG,504,386,L,L,True,0.023516530964717494
103.PNG,780,453,L,L,True,0.07763344087847399
9492.PNG,1101,687,L,L,True,0.0012691915646355636
5492.PNG,745,589,L,L,True,0.055024441380567675
781.PNG,1090,610,L,L,True,0.21444277334937584
3601.PNG,920,642,L,L,True,0.020005417851821753
6643.PNG,650,600,L,L,True,0.22964102564102565
9595.PNG,1031,660,L,L,True,0.06326308673544367
217.PNG,832,664,L,L,True,0.08179955398517146
7866.PNG,504,429,L,L,True,0.01364838864838865
986.PNG,650,600,L,L,True,0.032
8707.PNG,625,566,L,L,True,0.012090459363957598
5844.PNG,615,483,L,L,True,0.008332070898348734
4227.PNG,1024,465,L,L,True,0.03651503696236559
9092.PNG,504,412,L,L,True,0.1225679996917861
880.PNG,837,583,L,L,True,0.057917376237522314
4884.PNG,616,463,L,L,True,0.32530644301702616
1975.PNG,616,480,L,L,True,0.07252435064935064
5330.PNG,506,482,L,L,True,0.05245764518721401
8343.PNG,504,463,L,L,True,0.025009427817203195
7322.PNG,502,445,L,L,True,0.05346255427727293
1120.PNG,1024,467,L,L,True,0.11992062031584583
2732.PNG,740,665,L,L,True,0.15399715504978662
4015.PNG,650,600,L,L,True,0.04217179487179487
8124.PNG,504,429,L,1,True,0.028998778998779
4323.PNG,720,500,L,L,True,0.007741666666666667
2674.PNG,809,547,L,L,True,0.0544491472759608
522.PNG,744,507,L,L,True,0.0963102585311022
7660.PNG,507,482,L,L,True,0.023320811542962835
5294.PNG,435,265,L,L,True,0.012552591628713946
179.PNG,857,580,L,L,True,0.028471411901983663
2848.PNG,856,580,L,L,True,0.15725507573316147
3344.PNG,586,608,L,L,True,0.10668335728399497
2623.PNG,856,585,L,L,True,0.007442687115584312
4826.PNG,894,412,L,L,True,0.05956104341782324
5998.PNG,508,480,L,L,True,0.1300894028871391
1184.PNG,720,500,L,L,True,0.08702777777777777
8178.PNG,816,557,L,L,True,0.04966865561305312
4106.PNG,660,311,L,L,True,0.1922050082821787
841.PNG,923,789,L,L,True,0.1452446766001096
3699.PNG,857,580,L,L,True,0.020357703295376815
98.PNG,797,574,L,L,True,0.06857597523815352
1125.PNG,1024,522,L,L,True,0.22900016463122605
6628.PNG,760,600,L,1,True,0.09255701754385964
1790.PNG,468,499,L,L,True,0.04316753164448555
4824.PNG,838,540,L,L,True,0.0032904623000088395
7089.PNG,1031,660,L,L,True,0.08366693119360433
7216.PNG,616,479,L,L,True,0.30221579047257546
3531.PNG,499,295,L,L,True,0.012227845521551577
8534.PNG,812,552,L,1,True,0.01895703933747412
6533.PNG,896,660,L,L,True,0.017699878246753245
8604.PNG,634,488,L,L,True,0.0289406319491131
2428.PNG,610,412,L,L,True,0.0058650326277256085
9172.PNG,507,483,L,L,True,0.003577247724404915
1029.PNG,928,547,L,L,True,0.1374208062787619
7137.PNG,882,617,L,L,True,0.0182343061481751
420.PNG,896,660,L,L,True,0.1361911525974026
6213.PNG,790,546,L,L,True,0.26047201743404275
1283.PNG,681,571,L,L,True,0.03220256602143237
8979.PNG,508,480,L,L,True,0.020345308398950133
6788.PNG,610,478,L,1,True,0.08929624802798546
5454.PNG,768,495,L,L,True,0.10927767255892255
4692.PNG,846,512,L,L,True,0.03420970005910166
545.PNG,521,534,L,L,True,0.24550525854198565
9763.PNG,504,244,L,L,True,0.026484842570908145
5012.PNG,616,480,L,L,True,0.05777867965367965
8989.PNG,504,420,L,L,True,0.00868291761148904
806.PNG,601,514,L,L,True,0.22880478061855403
962.PNG,854,600,L,L,True,0.005482045277127244
8775.PNG,640,487,L,L,True,0.033062756673511294
2862.PNG,857,580,L,L,True,0.03756085784412345
8060.PNG,623,564,L,L,True,0.032979292601573264
7818.PNG,507,480,L,L,True,0.005876068376068376
1333.PNG,772,616,L,L,True,0.008228332548280735
3153.PNG,814,600,L,L,True,0.006947174447174447
153.PNG,712,489,L,L,True,0.02790894051147722
5432.PNG,813,550,L,L,True,0.2058257855305826
4592.PNG,833,563,L,L,True,0.007590958230539107
3820.PNG,783,600,L,L,True,0.01136653895274585
4367.PNG,365,425,L,L,True,0.10748106365834005
1647.PNG,808,532,L,L,True,0.07514376907615573
2692.PNG,650,600,L,L,True,0.06932307692307692
418.PNG,1024,679,L,L,True,0.23057949420103094
6836.PNG,610,463,L,L,True,0.09848458024997345
3541.PNG,526,377,L,L,True,0.019687143851297516
2037.PNG,1024,578,L,L,True,0.042585221128892736
493.PNG,750,445,L,L,True,0.032994756554307114
3571.PNG,506,348,L,L,True,0.03035414111126255
9130.PNG,437,288,L,L,True,0.021596109839816933
990.PNG,760,600,L,L,True,0.03323245614035088
6551.PNG,1031,660,L,L,True,0.007934338535696441
2968.PNG,857,580,L,L,True,0.013652275379229872
5526.PNG,592,221,L,L,True,0.5421456524397701
1686.PNG,699,501,L,L,True,0.141967852563828
5765.PNG,727,663,L,L,True,0.20806803305387334
837.PNG,607,789,L,L,True,0.4779411304113605
2760.PNG,805,611,L,L,True,0.3793211413932968
3246.PNG,415,426,L,L,True,0.145901917529272
8182.PNG,504,402,L,L,True,0.02419943931137961
3418.PNG,548,372,L,L,True,0.01916548936504199
960.PNG,621,501,L,L,True,0.009999325021454675
2303.PNG,620,478,L,L,True,0.061077743285193685
7120.PNG,503,371,L,L,True,0.020829202681485214
6421.PNG,1031,660,L,L,True,0.0036666372747847045
5306.PNG,616,480,L,1,True,0.45975040584415583
4456.PNG,772,559,L,L,True,0.06337417853865619
9607.PNG,760,600,L,L,True,0.012517543859649123
4276.PNG,1128,794,L,L,True,0.018881638887400184
2886.PNG,763,602,L,L,True,0.051906489073120184
7315.PNG,610,477,L,L,True,0.2952160016496546
8231.PNG,760,600,L,L,True,0.010918859649122807
8667.PNG,435,298,L,L,True,0.006202267993520019
6867.PNG,504,478,L,L,True,0.09975426711828385
858.PNG,855,473,L,L,True,0.09326063573309595
4185.PNG,1024,466,L,L,True,0.006217727333690987
7091.PNG,716,660,L,L,True,0.6026726764855257
2688.PNG,858,580,L,L,True,0.03272445944859738
9222.PNG,1072,660,L,L,True,0.027470601537765718
4089.PNG,805,546,L,L,True,0.033433440265738405
3521.PNG,499,303,L,L,True,0.021766304887001726
2744.PNG,630,661,L,L,True,0.11398554378887207
8951.PNG,621,480,L,L,True,0.059799382716049385
2027.PNG,610,477,L,L,True,0.021789187888785786
6501.PNG,896,660,L,L,True,0.06430262445887445
9474.PNG,940,605,L,L,True,0.040831721470019344
9660.PNG,1058,702,L,L,True,0.007144049677130963
9382.PNG,615,484,L,L,True,0.017049653967614056
4546.PNG,824,530,L,L,True,0.010265158453929292
7656.PNG,816,557,L,L,True,0.037330147498855916
4478.PNG,712,564,L,L,True,0.02429227428480357
7802.PNG,508,480,L,L,True,0.018233267716535433
3284.PNG,806,548,L,L,True,0.017100306098422415
1317.PNG,772,548,L,L,True,0.006753243069475436
7189.PNG,618,479,L,L,True,0.09482741147617407
3848.PNG,512,483,L,L,True,0.1627523291925466
9292.PNG,996,676,L,L,True,0.009619840307977473
2750.PNG,858,581,L,L,True,0.029962005865620322
173.PNG,858,582,L,L,True,0.20151354945169378
1104.PNG,858,571,L,L,True,0.04853873505362122
2104.PNG,610,477,L,L,True,0.043306870124067774
3026.PNG,760,600,L,L,True,0.05932236842105263
189.PNG,650,600,L,L,True,0.0702025641025641
3225.PNG,847,625,L,L,True,0.05895064935064935
3635.PNG,802,501,L,L,True,0.016893893011981024
9043.PNG,618,480,L,L,True,0.03241639697950378
4385.PNG,365,425,L,L,True,0.05861724415793715
4564.PNG,772,508,L,L,True,0.00901636000163192
6710.PNG,610,477,L,L,True,0.06680413788363061
4087.PNG,820,544,L,L,True,0.03400735294117647
4720.PNG,846,512,L,L,True,0.02574615839243499
8482.PNG,504,377,L,L,True,0.04978211443728685
6515.PNG,996,702,L,L,True,0.06691581139372305
2617.PNG,717,661,L,L,True,0.0898832545253905
1851.PNG,439,231,L,L,True,0.07360293465077064
539.PNG,806,501,L,L,True,0.013164737522473663
1572.PNG,672,604,L,L,True,0.256817151529486
7259.PNG,617,458,L,L,True,0.27207646521766826
8280.PNG,675,574,L,L,True,0.06507936507936508
370.PNG,858,581,L,L,True,0.05286079382464925
2031.PNG,609,391,L,L,True,0.02059894422536631
8576.PNG,640,488,L,L,True,0.04357389856557377
4708.PNG,846,512,L,L,True,0.02661652260638298
1282.PNG,624,564,L,L,True,0.014147458628841607
5488.PNG,743,487,L,L,True,0.018604856829380862
4225.PNG,1024,579,L,L,True,0.01611581120466321
4051.PNG,650,600,L,L,True,0.011161538461538462
8520.PNG,544,445,L,L,True,0.024491903502974224
2518.PNG,858,582,L,L,True,0.03153261400684081
2978.PNG,650,600,L,L,True,0.010125641025641025
4507.PNG,712,564,L,L,True,0.026603215395649055
7758.PNG,616,480,L,L,True,0.039884334415584415
3121.PNG,858,587,L,L,True,0.01332086425783189
6863.PNG,611,361,L,L,True,0.07538162315082218
1276.PNG,772,508,L,L,True,0.17962343437640244
3217.PNG,743,589,L,L,True,0.023942764043351987
8767.PNG,436,336,L,L,True,0.045113859764089125
4670.PNG,720,499,L,L,True,0.01827543976842574
4079.PNG,743,589,L,L,True,0.07986710143569753
9642.PNG,1031,676,L,L,True,0.010861517800262857
7856.PNG,1280,566,L,L,True,0.0046585136925795054
2220.PNG,616,449,L,L,True,0.02555100801203251
4434.PNG,778,617,L,L,True,0.08664114027156862
9560.PNG,760,600,L,L,True,0.03487280701754386
6507.PNG,716,660,L,L,True,0.2862091586253597
2826.PNG,857,581,L,L,True,0.04282038974367214
2384.PNG,610,477,L,L,True,0.015537684297350243
2810.PNG,857,581,L,L,True,0.029117302682977284
8969.PNG,408,275,L,L,True,0.022611408199643492
3024.PNG,742,413,L,L,True,0.05948193156379917
382.PNG,814,600,L,L,True,0.26446969696969697
645.PNG,601,515,L,L,True,0.16543947789283234
4025.PNG,759,600,L,L,True,0.010191040843214757
1102.PNG,621,501,L,L,True,0.19816084417316734
5607.PNG,355,381,L,L,True,0.059103175483346274
1585.PNG,672,516,L,L,True,0.07315891472868218
9294.PNG,896,660,L,L,True,0.12962662337662337
7296.PNG,616,479,L,L,True,0.1494794349700404
3222.PNG,592,632,L,L,True,0.09432999059185768
8318.PNG,816,551,L,L,True,0.050598733141169354
2018.PNG,610,477,L,L,True,0.02504038216998316
9266.PNG,1031,660,L,L,True,0.12858066602004525
1439.PNG,858,665,L,L,True,0.026349089506984245
882.PNG,547,532,L,L,True,0.05182746628912317
2648.PNG,859,582,L,L,True,0.23002452304085708
4432.PNG,624,564,L,L,True,0.013172849609019821
7949.PNG,508,480,L,L,True,0.0072875656167979
575.PNG,805,547,L,L,True,0.028839406361066005
1629.PNG,716,557,L,L,True,0.012115984473887446
3185.PNG,751,507,L,L,True,0.02243950866300554
9158.PNG,508,480,L,L,True,0.026218011811023623
8216.PNG,634,488,L,L,True,0.03463890469048973
9234.PNG,650,600,L,L,True,0.23371025641025642
491.PNG,746,583,L,L,True,0.28603092996840784
1258.PNG,622,434,L,L,True,0.014954732022463585
4737.PNG,720,500,L,L,True,0.06672777777777777
1100.PNG,559,501,L,L,True,0.16121245880332358
3306.PNG,659,584,L,L,True,0.41415750306608184
4095.PNG,592,516,L,L,True,0.054993583699979046
2566.PNG,654,600,L,L,True,0.10746177370030581
4574.PNG,712,521,L,L,True,0.020762794108132587
6471.PNG,768,494,L,L,True,0.016763663967611336
5976.PNG,504,452,L,L,True,0.05580137659783677
235.PNG,695,616,L,L,True,0.05845557320377464
1136.PNG,578,447,L,L,True,0.02734492928636121
7213.PNG,550,445,L,L,True,0.08304392236976507
1232.PNG,762,500,L,L,True,0.10516272965879266
8713.PNG,680,457,L,L,True,0.013402625820568928
9637.PNG,650,600,L,L,True,0.05906666666666667
699.PNG,621,501,L,L,True,0.030846519521343787
8560.PNG,1024,566,L,L,True,0.04432489509717315
2956.PNG,857,581,L,L,True,0.13570334011491875
1859.PNG,739,612,L,L,True,0.167066871854741
4175.PNG,1024,465,L,L,True,0.005338541666666667
5310.PNG,507,352,L,L,True,0.020015241169087324
7716.PNG,640,488,L,L,True,0.009234118852459016
8498.PNG,680,457,L,L,True,0.00912279572660574
7712.PNG,640,488,L,L,True,0.05679431352459016
2542.PNG,762,500,L,L,True,0.02668241469816273
4029.PNG,760,600,L,L,True,0.04771491228070175
1291.PNG,624,564,L,L,True,0.03851836697581378
7782.PNG,640,488,L,L,True,0.016345414959016393
1551.PNG,725,518,L,L,True,0.13298894954067367
1540.PNG,363,547,L,L,True,0.4975196539098816
1786.PNG,711,552,L,L,True,0.4951002874090381
9075.PNG,508,480,L,L,True,0.0038713910761154855
3111.PNG,857,588,L,L,True,0.11952388890211861
7854.PNG,503,480,L,1,True,0.3889993373094765
2603.PNG,720,500,L,L,True,0.05906111111111111
8258.PNG,1031,660,L,L,True,0.26466948828733505
3808.PNG,1024,679,L,L,True,0.030776820231958765
5558.PNG,751,587,L,L,True,0.19680743676234072
5985.PNG,449,330,L,L,True,0.014314638590807855
8190.PNG,616,483,L,L,True,0.01129305477131564
7708.PNG,544,445,L,L,True,0.005258592200925314
6187.PNG,832,566,L,L,True,0.08227864229410166
5516.PNG,743,528,L,L,True,0.16527488886169908
7726.PNG,640,488,L,1,True,0.022092725409836065
5179.PNG,613,483,L,L,True,0.0036915823141796616
942.PNG,1024,551,L,L,True,0.0848368732985481
8635.PNG,504,480,L,L,True,0.010205853174603175
9625.PNG,607,479,L,L,True,0.009048917809962408
406.PNG,896,660,L,L,True,0.21469663149350648
9324.PNG,896,660,L,L,True,0.018628246753246754
8292.PNG,525,585,L,L,True,0.03355962555962556
197.PNG,461,602,L,L,True,0.39668206484530955
8373.PNG,815,517,L,L,True,0.02720746164160862
9644.PNG,650,600,L,L,True,0.33928974358974356
8727.PNG,436,296,L,1,True,0.17730287627076619
7055.PNG,504,437,L,L,True,0.08966256220260797
1726.PNG,525,609,L,L,True,0.3267933380248651
8921.PNG,504,390,L,L,True,0.017592592592592594
4119.PNG,1024,466,L,L,True,0.015539079265021459
5899.PNG,634,488,L,L,True,0.012715260898795057
5383.PNG,435,352,L,L,True,0.017280564263322883
3900.PNG,643,662,L,L,True,0.03554195073132456
3093.PNG,858,582,L,L,True,0.04265293698283389
4331.PNG,560,499,L,L,True,0.34996063555682794
9162.PNG,508,480,L,L,True,0.002595964566929134
6173.PNG,503,478,L,1,True,0.12792283953184658
5834.PNG,504,480,L,L,True,0.0875
1855.PNG,614,609,L,L,True,0.021801105031476815
1530.PNG,623,526,L,L,True,0.08907591746058871
9398.PNG,1113,687,L,L,True,0.07415079953598533
1575.PNG,672,604,L,L,True,0.27964610927152317
5647.PNG,744,581,L,L,True,0.13775378009734793
6207.PNG,606,455,L,L,True,0.10342001233090342
3292.PNG,746,589,L,L,True,0.008557240199001353
2180.PNG,610,477,L,L,True,0.10800082482730178
7237.PNG,616,479,L,L,True,0.08483922132147602
1421.PNG,842,710,L,L,True,0.28996687966277473
5603.PNG,355,381,L,L,True,0.43451258733503384
7316.PNG,713,517,L,L,True,0.009720010525716114
8783.PNG,504,480,L,L,True,0.006721230158730159
9562.PNG,610,476,L,L,True,0.02413899986223998
404.PNG,1031,660,L,L,True,0.011446668430179585
7152.PNG,502,445,L,L,True,0.1392094543175612
3252.PNG,883,581,L,L,True,0.007108843073312503
285.PNG,832,663,L,L,True,0.21704229028889663
3678.PNG,857,588,L,L,True,0.06450479841878408
8205.PNG,621,482,L,1,True,0.04115300579309239
9755.PNG,435,300,L,L,True,0.019900383141762453
6191.PNG,798,567,L,L,True,0.2580238073136987
8367.PNG,815,517,L,L,True,0.008679142290942318
5736.PNG,504,482,L,L,True,0.06640650727787657
3455.PNG,518,334,L,L,True,0.012779460384250804
5718.PNG,507,483,L,L,True,0.08233386828704554
4604.PNG,917,642,L,L,True,0.13780715253926354
1372.PNG,797,566,L,L,True,0.170544577501319
4626.PNG,797,574,L,L,True,0.014746064291616208
785.PNG,785,590,L,L,True,0.020611033142610386
3310.PNG,749,587,L,L,True,0.01724957524285646
221.PNG,809,547,L,L,True,0.2276627429534736
6157.PNG,832,574,L,1,True,0.31177968373090326
8221.PNG,945,605,L,L,True,0.013214395032576851
129.PNG,720,499,L,L,True,0.22086395012246715
8391.PNG,504,432,L,L,True,0.005479313639035861
8630.PNG,504,408,L,L,True,0.0032436585745409274
3392.PNG,518,310,L,L,True,0.022773695354340515
3378.PNG,526,377,L,L,True,0.16756260652943492
9605.PNG,760,600,L,L,True,0.042451754385964914
5883.PNG,435,352,L,L,True,0.13203369905956114
3643.PNG,832,510,L,L,True,0.015158371040723982
3115.PNG,856,586,L,L,True,0.021558323498453
5044.PNG,616,479,L,1,True,0.7201827400157254
8639.PNG,435,324,L,L,True,0.02789839648077196
968.PNG,760,600,L,L,True,0.06735745614035088
4307.PNG,720,500,L,L,True,0.09183333333333334
1597.PNG,673,603,L,L,True,0.10632079818835491
5674.PNG,508,480,L,L,True,0.24805200131233596
5755.PNG,507,483,L,L,True,0.084367509116673
4112.PNG,928,661,L,L,True,0.05095303615212061
1202.PNG,630,499,L,L,True,0.30861723446893785
2934.PNG,738,664,L,L,True,0.1564775361609038
592.PNG,746,580,L,L,True,0.04440926319681982
5803.PNG,506,483,L,L,True,0.005585152087987627
7271.PNG,458,445,L,L,True,0.11957215053235858
4464.PNG,908,617,L,L,True,0.007221956461205635
6267.PNG,834,547,L,L,True,0.018432785764076125
1960.PNG,610,477,L,L,True,0.006120905935319792
7165.PNG,616,479,L,L,True,0.15533918065233304
9454.PNG,1031,660,L,L,True,0.06832289921523675
392.PNG,898,660,L,L,True,0.012666194236350138
1734.PNG,713,554,L,L,True,0.36680320605971617
4742.PNG,480,362,L,L,True,0.06466965930018416
2412.PNG,610,477,L,L,True,0.0930817610062893
3157.PNG,896,660,L,L,True,0.05781080898268398
8042.PNG,435,280,L,L,True,0.011206896551724138
1825.PNG,677,609,L,L,True,0.20493435493690168
2143.PNG,610,477,L,L,True,0.008605698181943155
1909.PNG,630,499,L,L,True,0.21539905207239876
9290.PNG,760,600,L,L,True,0.009989035087719297
4389.PNG,365,425,L,L,True,0.01567767929089444
7242.PNG,333,445,L,L,True,0.444937071903364
2082.PNG,504,322,L,L,True,0.03813590653652765
4406.PNG,365,425,L,L,True,0.0645157131345689
2782.PNG,857,580,L,L,True,0.07239568663742808
3167.PNG,1024,679,L,L,True,0.01614995627761414
8647.PNG,824,604,L,L,True,0.036785507619108856
5597.PNG,743,471,L,L,True,0.04386017550928267
7720.PNG,619,480,L,L,True,0.014788637587506731
3336.PNG,743,461,L,L,True,0.034423965689895274
8917.PNG,504,480,L,L,True,0.04119130291005291
140.PNG,630,499,L,L,True,0.5327384928587333
9572.PNG,1031,660,L,L,True,0.03956294271522206
9132.PNG,504,427,L,L,True,0.015561689156536931
8915.PNG,934,602,L,L,True,0.0041617164768402255
583.PNG,752,587,L,L,True,0.008771611874297727
8140.PNG,867,525,L,L,True,0.004936562860438293
6447.PNG,750,587,L,L,True,0.028879045996592845
3765.PNG,858,588,L,L,True,0.02361130932559504
7150.PNG,500,460,L,L,True,0.10615217391304348
2389.PNG,616,480,L,L,True,0.014015151515151515
5781.PNG,817,550,L,L,True,0.274011349727384
9254.PNG,912,600,L,L,True,0.021260964912280703
627.PNG,355,381,L,L,True,0.16648552733725186
4761.PNG,836,664,L,L,True,0.009475701850464056
1817.PNG,1020,695,L,L,True,0.058878544223444775
3593.PNG,920,642,L,L,True,0.014780577001219016
2613.PNG,717,661,L,L,True,0.027664014415418083
9743.PNG,815,549,L,L,True,0.02375317085163208
2816.PNG,650,600,L,L,True,0.14287948717948717
9284.PNG,1008,660,L,L,True,0.05288900913900914
3981.PNG,809,547,L,L,True,0.013368796650117622
6752.PNG,610,396,L,L,True,0.02399817850637523
973.PNG,760,600,L,L,True,0.029135964912280703
4216.PNG,1024,521,L,L,True,0.002131193018234165
3076.PNG,831,498,L,L,True,0.020701337238242985
6171.PNG,505,478,L,L,True,0.09095654335308008
8440.PNG,504,431,L,L,True,0.03714138400913343
3288.PNG,746,589,L,L,True,0.023268410583667506
9196.PNG,955,613,L,L,True,0.007961873201062494
1950.PNG,852,457,L,L,True,0.195911794618917
5556.PNG,746,586,L,L,True,0.2031197101263622
1677.PNG,487,537,L,L,True,0.07545914445986716
6284.PNG,813,552,L,L,True,0.22355696383050788
133.PNG,630,499,L,L,True,0.41609886439545757
1946.PNG,852,476,L,L,True,0.24228952144237978
245.PNG,999,648,L,L,True,0.010085702986937554
7804.PNG,800,564,L,L,True,0.03132757092198581
1298.PNG,712,564,L,L,True,0.01564367678699498
5550.PNG,743,587,L,L,True,0.36557214295376955
8886.PNG,504,310,L,L,True,0.008960573476702509
1160.PNG,720,500,L,L,True,0.09835277777777778
1919.PNG,837,582,L,L,True,0.09496360344381628
7549.PNG,544,443,L,L,True,0.0668486920727659
449.PNG,742,582,L,L,True,0.0525814877594687
6153.PNG,758,664,L,L,True,0.44783752423943796
6382.PNG,1008,660,L,L,True,0.07000962000962001
1893.PNG,609,477,L,L,True,0.11807857676432823
1837.PNG,720,498,L,L,True,0.1435603525211959
678.PNG,1024,679,L,L,True,0.18406117682253315
6175.PNG,503,478,L,1,True,0.23893459327715713
743.PNG,423,357,L,L,True,0.31383806477673815
1534.PNG,483,537,L,L,True,0.009989551646097675
6840.PNG,616,478,L,L,True,0.18065329022441992
8608.PNG,408,298,L,L,True,0.015314515067772075
2176.PNG,506,478,L,L,True,0.009385284535366398
4315.PNG,846,512,L,L,True,0.023855367169030733
3771.PNG,858,587,L,L,True,0.0587079019787708
8852.PNG,434,302,L,L,True,0.07647938474684897
2130.PNG,504,386,L,L,True,0.01180195739781232
1132.PNG,1024,581,L,L,True,0.30042995643287435
2050.PNG,616,478,L,L,True,0.2192984839428354
3896.PNG,619,665,L,L,True,0.014957425874864868
2700.PNG,858,583,L,L,True,0.05622793444405794
177.PNG,780,620,L,L,True,0.1902191894127378
2379.PNG,616,384,L,L,True,0.025377942370129872
1482.PNG,779,617,L,L,True,0.3894241672093425
5354.PNG,408,351,L,L,True,0.06195882911569186
6297.PNG,813,548,L,L,True,0.17423977159479623
337.PNG,857,581,L,L,True,0.34086002285521483
2668.PNG,857,581,L,L,True,0.0696481542104407
1141.PNG,962,490,L,L,True,0.004561075989647418
304.PNG,830,498,L,L,True,0.06679489040499346
3497.PNG,525,362,L,L,True,0.020252565114443566
2662.PNG,764,602,L,L,True,0.032233306082691204
3548.PNG,526,377,L,L,True,0.02313138546257728
2607.PNG,846,512,L,L,True,0.023153535017730497
3759.PNG,858,589,L,L,True,0.006923749708130014
777.PNG,743,669,L,L,True,0.12325501391160548
4255.PNG,1024,465,L,L,True,0.003755040322580645
7798.PNG,640,488,L,L,True,0.01112000512295082
501.PNG,806,456,L,L,True,0.02120064429062731
6261.PNG,634,536,L,1,True,0.3708095955553463
8075.PNG,1256,567,L,L,True,0.03216869432368371
8815.PNG,504,481,L,L,True,0.020876645876645877
3030.PNG,653,601,L,L,True,0.08065679202350345
3380.PNG,530,374,L,L,True,0.009802239935425285
7353.PNG,760,600,L,L,True,0.019800438596491228
377.PNG,691,607,L,L,True,0.2079764064686711
6804.PNG,610,477,L,L,True,0.04576760490772244
1376.PNG,631,565,L,L,True,0.26725944209921043
8393.PNG,634,488,L,L,True,0.010378419610073951
4003.PNG,650,600,L,L,True,0.051256410256410256
8923.PNG,640,488,L,L,True,0.007002433401639344
9366.PNG,760,600,L,L,True,0.04049122807017544
7639.PNG,838,539,L,L,True,0.029228528035210612
7828.PNG,680,457,L,L,True,0.0198062813746943
866.PNG,436,453,L,L,True,0.2892642323348928
4235.PNG,1024,466,L,L,True,0.006112945949570815
8880.PNG,504,306,L,L,True,0.014446519348480133
6891.PNG,610,477,L,L,True,0.01986459085129051
6639.PNG,896,660,L,L,True,0.18978963744588745
6203.PNG,699,501,L,L,True,0.27446109212190783
8327.PNG,508,482,L,L,True,0.035919070800797204
8132.PNG,815,509,L,L,True,0.05961888461677534
386.PNG,716,660,L,L,True,0.26271161334010495
1363.PNG,859,588,L,L,True,0.38427454800313604
5817.PNG,504,397,L,1,True,0.05976370397025309
1158.PNG,504,500,L,L,True,0.328765873015873
3048.PNG,808,547,L,L,True,0.1582167357503575
3398.PNG,486,270,L,L,True,0.012520957171162932
8582.PNG,544,446,L,L,True,0.0072746307042996575
6738.PNG,616,478,L,L,True,0.12893278269847308
3852.PNG,608,502,L,L,True,0.21044440658418956
1803.PNG,837,663,L,L,True,0.28428038801220334
6008.PNG,506,483,L,L,True,0.12570888468809074
3091.PNG,857,587,L,L,True,0.02619175881954204
779.PNG,364,363,L,L,True,0.03722035540217358
229.PNG,858,580,L,L,True,0.02795595209388313
7320.PNG,616,479,L,L,True,0.2925365344467641
2329.PNG,611,435,L,L,True,0.040032356980266005
3179.PNG,1024,679,L,L,True,0.01815485778718704
8238.PNG,760,600,L,L,True,0.015978070175438598
6199.PNG,699,456,L,L,True,0.05728421554601812
8048.PNG,688,503,L,L,True,0.017433191548384113
4201.PNG,1024,466,L,L,True,0.0077244836373390555
2320.PNG,610,477,L,L,True,0.059872151768223525
1992.PNG,506,479,L,L,True,0.047591738387780864
6095.PNG,826,538,L,L,True,0.09299306011863506
4221.PNG,1024,467,L,L,True,0.013778523153104925
8381.PNG,504,480,L,L,True,0.022511574074074073
8333.PNG,616,480,L,L,True,0.15439326298701297
870.PNG,814,600,L,L,True,0.21492628992628993
649.PNG,676,512,L,L,True,0.021958210059171597
203.PNG,998,664,L,L,True,0.027662252215273922
4596.PNG,712,564,L,L,True,0.08408538528966451
3838.PNG,619,540,L,L,True,0.01774666427332017
5502.PNG,770,580,L,L,True,0.1106269592476489
8701.PNG,504,430,L,L,True,0.04870339608711702
4321.PNG,720,500,L,L,True,0.13754444444444444
6659.PNG,613,484,L,L,True,0.05252248122632225
1558.PNG,672,607,L,L,True,0.17037587275437358
8158.PNG,504,340,L,L,True,0.02919000933706816
8069.PNG,504,405,L,L,True,0.01533901626494219
1896.PNG,626,499,L,L,True,0.060584427641224944
6482.PNG,885,623,L,L,True,0.14427909423148425
4409.PNG,676,512,L,L,True,0.013784555288461538
4624.PNG,797,574,L,L,True,0.011451916813486113
6581.PNG,1031,660,L,L,True,0.013110248949240219
1415.PNG,810,532,L,L,True,0.12041214146477304
5257.PNG,652,454,L,L,True,0.0645185265263101
5364.PNG,768,602,L,L,True,0.014307776162790697
1738.PNG,837,669,L,L,True,0.11238086053650931
6183.PNG,609,477,L,L,True,0.1223816064414633
7862.PNG,546,447,L,L,True,0.022789291245667084
651.PNG,642,663,L,L,True,0.23405599958651085
4023.PNG,650,600,L,L,True,0.004369230769230769
8438.PNG,784,462,L,L,True,0.013125055216891952
7098.PNG,504,480,L,L,True,0.02194940476190476
6580.PNG,456,600,L,L,True,0.10217836257309941
6790.PNG,610,477,L,L,True,0.046994535519125684
7000.PNG,610,477,L,L,True,0.15057909750146062
535.PNG,751,587,L,L,True,0.3674873025630789
9654.PNG,615,484,L,L,True,0.004132231404958678
2228.PNG,616,402,L,L,True,0.030141500290754023
6401.PNG,1031,660,L,L,True,0.027725362254945183
8269.PNG,812,522,L,L,True,0.08489515504973294
6099.PNG,487,537,L,L,True,0.25473483762174065
6964.PNG,611,477,L,L,True,0.05889921666718134
331.PNG,813,547,L,L,True,0.1681316630350947
73.PNG,560,499,L,L,True,0.5565667048382479
1807.PNG,505,479,L,L,True,0.3536410426011286
4658.PNG,556,477,L,L,True,0.054767506749317525
2485.PNG,702,603,L,L,True,0.03620312492617633
6195.PNG,804,502,L,L,True,0.011077580226358248
2239.PNG,610,477,L,L,True,0.029353541602227032
8349.PNG,616,480,L,L,True,0.015878652597402596
1012.PNG,485,365,L,L,True,0.009224685778844796
6077.PNG,616,480,L,L,True,0.2349702380952381
5811.PNG,504,374,L,L,True,0.12226784653255242
2318.PNG,610,403,L,L,True,0.00730179392262946
8108.PNG,504,483,L,L,True,0.011691149889907654
4911.PNG,616,371,L,L,True,0.1466464802044317
7038.PNG,610,477,L,L,True,0.04902567274976802
2800.PNG,782,393,L,L,True,0.06759922687960017
7939.PNG,617,487,L,L,True,0.029665966673211773
9148.PNG,504,256,L,L,True,0.017082093253968252
6756.PNG,616,450,L,L,True,0.06588023088023089
8864.PNG,618,480,L,L,True,0.014600188781014024
3675.PNG,699,501,L,L,True,0.12105117376120435
6519.PNG,1031,660,L,L,True,0.022067424977221292
2266.PNG,610,477,L,L,True,0.06648108052376533
5918.PNG,507,483,L,L,True,0.004377636484659896
8614.PNG,504,480,L,L,True,0.0042658730158730155
1314.PNG,833,565,L,L,True,0.013976564076958216
1849.PNG,534,499,L,L,True,0.15361059197045776
4759.PNG,837,506,L,L,True,0.017203356614296304
6982.PNG,506,479,L,L,True,0.01818676920791834
2451.PNG,610,477,L,L,True,0.11667525861772692
1516.PNG,858,582,L,L,True,0.045130127604354406
6016.PNG,504,400,L,L,True,0.03672123015873016
4133.PNG,1024,578,L,L,True,0.008076070501730103
1579.PNG,720,559,L,L,True,0.1245353806400318
3396.PNG,534,367,L,L,True,0.03258529018563308
1451.PNG,996,702,L,L,True,0.05490337418048261
6263.PNG,1024,711,L,L,True,0.1125217013888889
6253.PNG,796,570,L,L,True,0.13421493432072643
9370.PNG,896,660,L,L,True,0.018560606060606062
6594.PNG,1031,660,L,L,True,0.003202245539781912
8100.PNG,504,385,L,L,True,0.040007215007215005
4468.PNG,1029,617,L,L,True,0.01751003712436584
2591.PNG,846,500,L,L,True,0.11711820330969266
2838.PNG,857,581,L,L,True,0.010931540798968502
1655.PNG,534,364,L,L,True,0.03787504630201259
7219.PNG,616,479,L,L,True,0.15097063687877885
364.PNG,650,590,L,L,True,0.11904563233376793
5914.PNG,504,434,L,L,True,0.028431533903884133
8040.PNG,508,480,L,L,True,0.09370488845144356
4849.PNG,616,479,L,L,True,0.021737656915109944
2369.PNG,504,479,L,L,True,0.06646618285449184
2365.PNG,610,469,L,L,True,0.026075710440770387
5761.PNG,508,480,L,L,True,0.08832841207349082
6849.PNG,610,477,L,L,True,0.05338007354710107
663.PNG,920,733,L,L,True,0.05194703125926805
670.PNG,920,642,L,L,True,0.017096708655018285
4191.PNG,1024,522,L,L,True,0.020124296575670497
2548.PNG,630,499,L,L,True,0.02850144733912269
7115.PNG,742,662,L,L,True,0.20173288491136065
2726.PNG,858,583,L,L,True,0.018901909982527478
5694.PNG,504,347,L,L,True,0.03967682173734047
5560.PNG,746,588,L,L,True,0.319750688479145
1461.PNG,680,693,L,L,True,0.011236312706900942
2917.PNG,807,537,L,L,True,0.03938074437129493
8329.PNG,504,291,L,L,True,0.06371024927725959
2966.PNG,809,547,L,L,True,0.018873595270754287
1256.PNG,1024,578,L,L,True,0.025655885056228372
1064.PNG,831,590,L,L,True,0.22001672479552917
1663.PNG,826,538,L,L,True,0.049355518150805154
1815.PNG,738,664,L,L,True,0.539221928363862
5769.PNG,504,340,L,L,True,0.13999183006535948
5202.PNG,368,367,L,1,True,0.028943549342494965
4305.PNG,504,500,L,L,True,0.02352777777777778
313.PNG,857,581,L,L,True,0.03749420084070237
5637.PNG,674,612,L,L,True,0.033239754853474524
384.PNG,1031,660,L,L,True,0.038347588396085
3082.PNG,858,581,L,L,True,0.014692135174062884
8036.PNG,815,539,L,1,True,0.10630911594978203
6023.PNG,504,319,L,L,True,0.006418868487834005
6566.PNG,760,600,L,L,True,0.012839912280701754
1084.PNG,925,525,L,L,True,0.09378018018018018
9767.PNG,1257,566,L,L,True,0.0069307988339503725
7579.PNG,504,338,L,L,True,0.026662440123978587
2127.PNG,605,479,L,L,True,0.12182404803395504
1270.PNG,772,508,L,L,True,0.010133205499571621
6553.PNG,760,600,L,L,True,0.39357894736842103
6478.PNG,617,384,L,L,True,0.02835460561858455
1002.PNG,592,543,L,L,True,0.12810462396097755
4424.PNG,712,564,L,L,True,0.0242673719021436
1724.PNG,636,319,L,L,True,0.2715344729007709
6611.PNG,615,484,L,1,True,0.055418934354632805
6169.PNG,503,478,L,L,True,0.29561542876631425
5490.PNG,742,580,L,L,True,0.11436471791058649
5632.PNG,432,446,L,L,True,0.17326336987211427
198.PNG,462,602,L,L,True,0.4060670779939883
771.PNG,858,588,L,L,True,0.04931972789115646
747.PNG,417,323,L,L,True,0.18977511489260604
8928.PNG,784,430,L,L,True,0.021846820123398197
6469.PNG,712,548,L,L,True,0.013322193061592717
317.PNG,766,601,L,L,True,0.021133185335146385
3002.PNG,782,469,L,L,True,0.02172277087343698
2997.PNG,765,602,L,L,True,0.042253490543504225
6873.PNG,616,478,L,L,True,0.06906482638700212
3971.PNG,802,473,L,L,True,0.00998560680750555
6443.PNG,746,587,L,L,True,0.2654429529894817
1871.PNG,264,226,L,L,True,0.3337858675248056
9576.PNG,1100,687,L,L,True,0.009989413788540426
6564.PNG,716,660,L,L,True,0.35323980023700696
7117.PNG,505,479,L,L,True,0.05596229769114699
7836.PNG,615,451,L,L,True,0.022003497196834497
2262.PNG,610,431,L,L,True,0.011878589631432809
3424.PNG,519,376,L,L,True,0.05207436559668757
6910.PNG,616,478,L,L,True,0.006313508667065152
1653.PNG,883,700,L,L,True,0.23669956317747937
507.PNG,743,580,L,L,True,0.11985427205643477
3517.PNG,551,379,L,L,True,0.010319447969391224
4013.PNG,854,600,L,L,True,0.03684231069476971
255.PNG,858,582,L,L,True,0.06573466625013016
8985.PNG,552,440,L,L,True,0.010107872200263504
4428.PNG,852,561,L,L,True,0.0147247119078105
1869.PNG,534,499,L,L,True,0.1049814985776797
1627.PNG,721,556,L,L,True,0.12728125405362256
2124.PNG,610,477,L,L,True,0.027030278035536308
1434.PNG,860,587,L,L,True,0.36623548987758014
9250.PNG,760,600,L,L,True,0.05480043859649123
1768.PNG,557,662,L,L,True,0.46776538100636234
6227.PNG,923,547,L,L,True,0.17025596130573342
6740.PNG,610,477,L,L,True,0.08419081004914596
5198.PNG,434,312,L,L,True,0.10045196738745125
6748.PNG,610,477,L,L,True,0.09476922019452177
3328.PNG,808,471,L,L,True,0.029970990729646214
7889.PNG,504,480,L,1,True,0.04488260582010582
4530.PNG,712,493,L,L,True,0.003398705472115231
7252.PNG,616,479,L,L,True,0.041906162730797385
8347.PNG,504,472,L,L,True,0.025961797148237827
1595.PNG,715,552,L,L,True,0.2057489611837438
195.PNG,857,581,L,L,True,0.047423566578365474
8936.PNG,504,376,L,L,True,0.017540526849037487
3473.PNG,526,377,L,L,True,0.006717027564018517
2202.PNG,1024,579,L,L,True,0.08108167368307427
2790.PNG,809,547,L,L,True,0.09009701190672575
4371.PNG,365,425,L,L,True,0.01964222401289283
7141.PNG,707,565,L,L,True,0.011580778811130165
9438.PNG,896,660,L,L,True,0.016614245129870128
7546.PNG,434,247,L,L,True,0.03569096438366388
1044.PNG,743,492,L,L,True,0.06247743163838099
2631.PNG,632,600,L,L,True,0.009720464135021097
327.PNG,858,581,L,L,True,0.11833949183346773
5168.PNG,504,410,L,L,True,0.076659891598916
7962.PNG,504,422,L,L,True,0.04135165124501618
1813.PNG,556,656,L,L,True,0.4646593700649237
414.PNG,1024,679,L,L,True,0.3473887380338733
631.PNG,355,381,L,L,True,0.44229788177886215
8769.PNG,1232,567,L,L,True,0.006927265855837284
9031.PNG,618,480,L,L,True,0.0218042071197411
944.PNG,739,499,L,L,True,0.126306740680278
7083.PNG,1107,682,L,L,True,0.051044141917470004
905.PNG,698,562,L,L,True,0.01170094525283219
8578.PNG,508,480,L,L,True,0.042011154855643044
4163.PNG,1024,465,L,L,True,0.008616851478494624
9336.PNG,896,660,L,L,True,0.007212188852813853
1696.PNG,750,600,L,L,True,0.07398
3877.PNG,923,789,L,L,True,0.21463184880953853
3878.PNG,600,789,L,L,True,0.20510984368398816
485.PNG,745,587,L,L,True,0.03870207973657432
525.PNG,750,587,L,L,True,0.250519023282226
8219.PNG,634,488,L,L,True,0.03041449035527745
8564.PNG,508,481,L,L,True,0.011495899291174881
6295.PNG,783,466,L,L,True,0.0496768782990479
4309.PNG,720,500,L,L,True,0.3750472222222222
2562.PNG,914,673,L,L,True,0.021247817506120738
2890.PNG,859,583,L,L,True,0.06756829613595929
9100.PNG,544,443,L,L,True,0.010643506838401274
3969.PNG,927,493,L,L,True,0.03510418786418708
3197.PNG,745,587,L,L,True,0.0164252312406389
1702.PNG,796,574,L,L,True,0.052770385026176175
267.PNG,857,581,L,L,True,0.20664488258083175
5398.PNG,508,480,L,1,True,0.014431594488188976
7860.PNG,504,430,L,L,True,0.029877260981912145
541.PNG,751,587,L,L,True,0.1993548635890363
3256.PNG,745,566,L,L,True,0.014727156307064766
1453.PNG,859,581,L,L,True,0.0032820455278623224
6429.PNG,760,600,L,L,True,0.19471929824561404
7617.PNG,508,480,L,L,True,0.01590797244094488
2252.PNG,616,478,L,L,True,0.012667771558984948
8377.PNG,819,549,L,L,True,0.02187349181884701
5698.PNG,504,480,L,L,True,0.00523313492063492
792.PNG,785,590,L,L,True,0.17631220986721366
6209.PNG,553,533,L,1,True,0.3399638336347197
9390.PNG,1031,660,L,L,True,0.1018325838403433
3508.PNG,529,347,L,L,True,0.051747901265505575
1704.PNG,527,562,L,L,True,0.20927562851566983
6241.PNG,780,615,L,1,True,0.2646132999791536
6754.PNG,616,480,L,L,True,0.013707386363636364
3382.PNG,515,337,L,L,True,0.008095416438592953
6834.PNG,504,478,L,L,True,0.005371255894268447
2095.PNG,611,478,L,L,True,0.07461531613583604
3589.PNG,526,377,L,L,True,0.006560700345937005
6165.PNG,503,478,L,L,True,0.01116314664315363
1792.PNG,839,666,L,L,True,0.05746151395734232
7269.PNG,563,482,L,L,True,0.37228318949315686
5296.PNG,640,487,L,L,True,0.014466760780287474
3290.PNG,743,431,L,L,True,0.011666505325809646
7980.PNG,504,472,L,1,True,0.03790018832391714
3561.PNG,526,361,L,L,True,0.05601255490136187
7069.PNG,996,676,L,L,True,0.027510931299161143
2680.PNG,857,581,L,L,True,0.02472902110191056
5286.PNG,504,360,L,L,True,0.08040123456790123
5233.PNG,504,466,L,L,True,0.05821241228966551
686.PNG,1024,679,L,L,True,0.22475751334683358
2235.PNG,610,444,L,L,True,0.019077684241618667
6776.PNG,610,477,L,L,True,0.046905179228099114
8406.PNG,816,517,L,L,True,0.006995012705275533
4800.PNG,836,669,L,L,True,0.004536156943520644
1471.PNG,732,495,L,L,True,0.2412816691505216
7116.PNG,980,781,L,L,True,0.07105359429303092
3846.PNG,852,504,L,L,True,0.04047199865861838
7163.PNG,617,480,L,L,True,0.07579686655861696
2491.PNG,888,581,L,L,True,0.12587415298258672
9035.PNG,508,480,L,L,True,0.0093873031496063
577.PNG,588,608,L,L,True,0.22783521303258145
3936.PNG,858,587,L,L,True,0.017744606330636997
5981.PNG,784,471,L,L,True,0.03778868235192166
4285.PNG,630,499,L,L,True,0.5982091166459904
5172.PNG,504,480,L,L,True,0.01415757275132275
8749.PNG,504,469,L,L,True,0.020860831894947033
511.PNG,746,589,L,L,True,0.16749887344843126
1295.PNG,712,552,L,L,True,0.03319390164468328
946.PNG,630,499,L,L,True,0.4004453351146738
5785.PNG,616,480,L,1,True,0.2405877976190476
7175.PNG,616,479,L,L,True,0.20710761055228696
1459.PNG,482,478,L,L,True,0.09212399520825014
579.PNG,660,584,L,L,True,0.32001608551266086
9013.PNG,615,407,L,L,True,0.01703921216116338
2564.PNG,748,600,L,L,True,0.12246657754010695
3503.PNG,489,233,L,L,True,0.010865653826237307
8899.PNG,800,564,L,L,True,0.026214539007092197
1248.PNG,490,440,L,L,True,0.3915491651205937
3203.PNG,754,526,L,L,True,0.08511260602515355
5952.PNG,608,456,L,L,True,0.07504111842105263
8596.PNG,504,480,L,L,True,0.0621114417989418
7205.PNG,616,467,L,L,True,0.13381907172057064
7764.PNG,634,488,L,L,True,0.005614236955060247
1770.PNG,609,477,L,L,True,0.1568333832484776
8546.PNG,504,334,L,L,True,0.014144330386845356
6403.PNG,650,600,L,L,True,0.0687076923076923
5430.PNG,506,483,L,L,True,0.11063101989377983
2351.PNG,610,464,L,L,True,0.02925734878462408
1222.PNG,720,500,L,L,True,0.08716388888888889
2864.PNG,858,581,L,L,True,0.11562734454300719
1277.PNG,624,564,L,L,True,0.11537324968176033
4341.PNG,1024,578,L,L,True,0.03530830990484429
2092.PNG,616,480,L,L,True,0.007220643939393939
6332.PNG,630,499,L,1,True,0.4221967745013837
9270.PNG,1134,690,L,L,True,0.0048373079774045955
4193.PNG,1024,465,L,L,True,0.011040406586021505
3479.PNG,535,366,L,L,True,0.010060773198508758
6163.PNG,505,478,L,L,True,0.1385392932598699
9298.PNG,1031,660,L,L,True,0.018680010581077506
8940.PNG,680,457,L,L,True,0.030277384476766638
2010.PNG,610,477,L,L,True,0.029535690964704264
2182.PNG,610,477,L,L,True,0.04968897137161907
2867.PNG,654,602,L,L,True,0.46444319140073353
6010.PNG,504,408,L,L,True,0.01889297385620915
5249.PNG,1024,579,L,L,True,0.09209540965025907
2079.PNG,610,463,L,L,True,0.03924866338561767
3683.PNG,811,542,L,L,True,0.016188842529609018
6487.PNG,1024,574,L,L,True,0.10019463196864112
5706.PNG,504,483,L,L,True,0.02342748693680371
6045.PNG,509,483,L,L,True,0.01693736348216574
7162.PNG,616,480,L,L,True,0.03326231060606061
688.PNG,768,527,L,L,True,0.10082374683744466
797.PNG,525,608,L,L,True,0.2401597744360902
9182.PNG,507,483,L,L,True,0.015697420379694627
1760.PNG,738,663,L,L,True,0.33497651718598637
5220.PNG,438,424,L,1,True,0.3601705867149134
750.PNG,417,319,L,L,True,0.4482533095780429
4536.PNG,712,565,L,L,True,0.0224569951277717
3669.PNG,802,510,L,L,True,0.006962984695124933
5854.PNG,640,487,L,L,True,0.007828542094455852
3575.PNG,526,377,L,L,True,0.009576302810864237
1156.PNG,720,500,L,L,True,0.1743
8254.PNG,614,484,L,L,True,0.08580773682935365
7110.PNG,796,570,L,L,True,0.17940580093449704
9362.PNG,896,660,L,L,True,0.027548363095238095
928.PNG,1050,693,L,L,True,0.03695870267298839
5972.PNG,506,481,L,L,True,0.11260713434626478
2628.PNG,797,574,L,L,True,0.014383205312605197
4662.PNG,720,500,L,L,True,0.04067777777777778
5910.PNG,508,480,L,L,True,0.023371883202099736
3519.PNG,526,377,L,L,True,0.16637754536010732
4518.PNG,772,296,L,L,True,0.030177846240022406
1821.PNG,838,664,L,L,True,0.30024333611294823
1040.PNG,661,584,L,L,True,0.17931268522164426
6986.PNG,610,385,L,1,True,0.12399403874813711
9442.PNG,650,600,L,L,True,0.11588205128205128
3834.PNG,1012,552,L,L,True,0.02343794752821218
6155.PNG,796,574,L,1,True,0.057053560485353594
5732.PNG,508,480,L,L,True,0.021091699475065617
1438.PNG,858,588,L,L,True,0.02840611769183198
9170.PNG,640,488,L,L,True,0.013524590163934426
6433.PNG,760,600,L,L,True,0.009484649122807018
9010.PNG,864,564,L,L,True,0.012333366167586025
4466.PNG,882,524,L,L,True,0.019376071039102664
2395.PNG,610,477,L,L,True,0.020469464205931882
8550.PNG,1280,568,L,L,True,0.02627778389084507
5793.PNG,504,483,L,L,True,0.19109237898057774
1306.PNG,712,564,L,L,True,0.3022277671527612
475.PNG,744,547,L,L,True,0.21016394409388453
3314.PNG,750,587,L,L,True,0.009540034071550256
6330.PNG,431,478,L,1,True,0.3446058111427157
4688.PNG,930,600,L,L,True,0.021584229390681005
1428.PNG,689,516,L,L,True,0.016358951856977305
451.PNG,753,587,L,L,True,0.08031248091110854
1200.PNG,504,500,L,L,True,0.4650039682539683
3559.PNG,526,377,L,L,True,0.03579893294066626
3761.PNG,858,588,L,L,True,0.09494275565704137
6123.PNG,1024,579,L,L,True,0.12037355623920552
1488.PNG,811,541,L,L,True,0.08097531401637831
4404.PNG,365,425,L,L,True,0.01771474617244158
2483.PNG,488,422,L,L,True,0.006914769637168829
5734.PNG,504,480,L,L,True,0.1115368716931217
6718.PNG,808,557,L,L,True,0.04510105409104645
8081.PNG,434,310,L,L,True,0.12133194588969823
834.PNG,750,789,L,L,True,0.09715420363329108
6129.PNG,1024,578,L,L,True,0.044688716479238756
1831.PNG,468,499,L,L,True,0.3458712296387647
43.PNG,592,460,L,L,True,0.0722972972972973
6861.PNG,610,477,L,L,True,0.0686874935560367
4161.PNG,608,477,L,L,True,0.033525736511089047
3880.PNG,500,789,L,L,True,0.6940076045627377
3874.PNG,750,746,L,L,True,0.031213583556747096
5153.PNG,504,480,L,L,True,0.0667824074074074
1296.PNG,991,692,L,L,True,0.01647632157626733
4822.PNG,838,540,L,L,True,0.0059533280297003445
6521.PNG,721,660,L,L,True,0.41773420754003276
5304.PNG,811,506,L,L,True,0.016587631528927834
749.PNG,417,323,L,L,True,0.4288334038651432
2998.PNG,746,591,L,L,True,0.10538551915914772
7264.PNG,616,475,L,L,True,0.231825017088175
2818.PNG,650,600,L,L,True,0.04575384615384615
3950.PNG,547,532,L,L,True,0.24450179378977607
5486.PNG,592,582,L,L,True,0.5034944738552986
1562.PNG,715,555,L,L,True,0.32727776727776725
3655.PNG,878,697,L,L,True,0.020566502060571992
4217.PNG,1024,465,L,L,True,0.01084929435483871
8054.PNG,509,483,L,L,True,0.018031539941508336
9174.PNG,504,390,L,L,True,0.05521978021978022
9322.PNG,896,660,L,L,True,0.038957656926406924
7893.PNG,504,388,L,L,True,0.005972835869743086
2972.PNG,858,582,L,L,True,0.03686748532109357
7113.PNG,573,603,L,L,True,0.21392166566816875
362.PNG,808,515,L,L,True,0.042408439873113525
7244.PNG,616,479,L,L,True,0.1780901770463357
8592.PNG,624,480,L,L,True,0.0057158119658119655
5554.PNG,806,501,L,L,True,0.029125372084614888
6671.PNG,896,660,L,L,True,0.013773336038961038
6257.PNG,806,624,L,L,True,0.015548450722147993
8850.PNG,504,422,L,L,True,0.013569171744527195
9112.PNG,640,487,L,L,True,0.032632828542094455
9208.PNG,613,480,L,L,True,0.019966693855356172
3858.PNG,765,602,L,L,True,0.21081145636549192
5809.PNG,504,480,L,L,True,0.022218088624338623
2714.PNG,809,547,L,L,True,0.009215340219604405
7128.PNG,625,538,L,L,True,0.19812936802973977
3475.PNG,537,381,L,L,True,0.007131091853741746
6246.PNG,796,570,L,L,True,0.16087895618443093
6189.PNG,797,545,L,L,True,0.2384423238520599
439.PNG,727,681,L,L,True,0.20610518959294022
8458.PNG,621,565,L,L,True,0.11379305430863723
538.PNG,750,502,L,L,True,0.0420929614873838
6493.PNG,1031,660,L,L,True,0.12160156364812039
9597.PNG,896,660,L,L,True,0.004127773268398268
9414.PNG,1100,687,L,L,True,0.08949847823210269
1480.PNG,837,547,L,L,True,0.019934955300880876
4287.PNG,630,499,L,L,True,0.022677100232210454
3991.PNG,809,548,L,L,True,0.03208430702047224
6622.PNG,896,660,L,L,True,0.2949134199134199
9212.PNG,1031,660,L,L,True,0.014341768803456485
7223.PNG,616,480,L,L,True,0.04758522727272727
1279.PNG,624,564,L,L,True,0.03762615930169122
3467.PNG,535,361,L,L,True,0.014596007973697155
8536.PNG,504,433,L,L,True,0.007459950877964735
9408.PNG,996,702,L,L,True,0.019867218160390852
2896.PNG,832,664,L,L,True,0.04158038403614458
2353.PNG,610,425,L,L,True,0.015853423336547733
483.PNG,743,391,L,L,True,0.0956446011021882
4267.PNG,494,447,L,L,True,0.06897535526995081
3523.PNG,533,375,L,L,True,0.11081425891181988
1500.PNG,720,598,L,L,True,0.014646042363433668
8793.PNG,436,310,L,L,True,0.08097070139094406
9352.PNG,760,600,L,L,True,0.08911622807017544
8895.PNG,504,480,L,L,True,0.022685185185185187
167.PNG,809,547,L,L,True,0.031553162208517976
6935.PNG,610,477,L,L,True,0.03037426538818435
8715.PNG,436,301,L,L,True,0.06636898412021092
9049.PNG,507,483,L,L,True,0.015293142383443387
3775.PNG,858,586,L,L,True,0.01714639171977056
5926.PNG,759,585,L,L,True,0.029859351598482034
7136.PNG,704,502,L,L,True,0.04136578685258964
876.PNG,547,532,L,L,True,0.2545944385644184
6322.PNG,609,477,L,L,True,0.13513922882823337
8705.PNG,640,487,L,L,True,0.013963039014373716
3705.PNG,543,545,L,L,True,0.043421697332184435
1692.PNG,554,600,L,L,True,0.36437123947051747
2884.PNG,858,583,L,L,True,0.041110404746768386
1194.PNG,720,500,L,L,True,0.03363611111111111
1010.PNG,949,729,L,L,True,0.15143078917812555
8389.PNG,508,480,L,L,True,0.020353510498687662
4053.PNG,760,600,L,L,True,0.006923245614035088
7218.PNG,616,480,L,L,True,0.0843175054112554
1764.PNG,467,499,L,L,True,0.1409242467804989
8522.PNG,507,483,L,L,True,0.0052923664963798744
3113.PNG,858,588,L,L,True,0.012711494854351997
3117.PNG,858,588,L,L,True,0.11345797060082774
8316.PNG,508,480,L,L,True,0.005540518372703412
8116.PNG,504,427,L,L,True,0.07579179212668674
4806.PNG,838,669,L,L,True,0.012006307280128144
4650.PNG,768,498,L,L,True,0.028980505354752342
898.PNG,547,532,L,L,True,0.2878517133785103
6655.PNG,976,600,L,L,True,0.28453381147540985
5584.PNG,660,584,L,L,True,0.33046388542963884
6535.PNG,1031,660,L,L,True,0.007966669605854864
4505.PNG,772,441,L,L,True,0.005448638868327987
4773.PNG,858,589,L,L,True,0.0459670493626351
1625.PNG,716,553,L,L,True,0.09658338973804641
1050.PNG,743,425,L,L,True,0.030578734858681022
4061.PNG,912,600,L,L,True,0.04910453216374269
4396.PNG,365,388,L,L,True,0.13376641717271573
6338.PNG,633,477,L,1,True,0.0994300210968368
41.PNG,517,408,L,L,True,0.025889369287366785
147.PNG,779,599,L,L,True,0.09322340829066844
1752.PNG,609,477,L,L,True,0.0681875294757533
3014.PNG,781,611,L,L,True,0.15709852029899976
338.PNG,834,664,L,L,True,0.22279585969778395
4400.PNG,365,425,L,L,True,0.01642546333601934
8242.PNG,1031,660,L,1,True,0.04437439379243453
8803.PNG,815,529,L,L,True,0.01115195936307653
9073.PNG,504,483,L,L,True,0.03458049886621315
1660.PNG,505,478,L,L,True,0.039554248311860475
8556.PNG,504,336,L,L,True,0.030322893046107333
5965.PNG,504,453,L,L,True,0.007025473912891132
1490.PNG,781,619,L,L,True,0.31549999069169016
2611.PNG,797,530,L,L,True,0.04330626642361687
7724.PNG,480,499,L,L,True,0.02457832331329325
7966.PNG,435,292,L,L,True,0.00901432845221225
7168.PNG,610,478,L,L,True,0.06336854379587077
8248.PNG,614,480,L,L,True,0.02416870249728556
2453.PNG,610,480,L,L,True,0.06760587431693989
3099.PNG,858,588,L,L,True,0.09982081410652839
9338.PNG,760,600,L,L,True,0.04533991228070176
1936.PNG,299,227,L,L,True,0.3134530667570315
6956.PNG,504,478,L,1,True,0.04459719731686259
621.PNG,526,377,L,L,True,0.15534386945164447
9737.PNG,896,660,L,L,True,0.02744013798701299
1557.PNG,672,522,L,L,True,0.09497297482211275
137.PNG,852,483,L,L,True,0.12357478202548625
2842.PNG,809,547,L,L,True,0.06665190283894848
733.PNG,712,565,L,L,True,0.2687456497961619
7806.PNG,640,487,L,L,True,0.017578927104722794
582.PNG,752,580,L,L,True,0.012291360968451945
5265.PNG,634,488,L,L,True,0.014819387702332317
161.PNG,857,581,L,L,True,0.09596177676199046
4568.PNG,833,565,L,L,True,0.05553017667243889
1241.PNG,560,499,L,L,True,0.2466182364729459
301.PNG,808,547,L,L,True,0.06773897225188698
6071.PNG,812,446,L,L,True,0.0146098875610241
5300.PNG,510,462,L,L,True,0.0805449452508276
3511.PNG,497,279,L,L,True,0.00555303145035085
8494.PNG,808,560,L,L,True,0.006471004243281471
565.PNG,589,609,L,L,True,0.31450706856128086
3989.PNG,740,582,L,L,True,0.028715055261447013
2274.PNG,610,478,L,L,True,0.006406475066877015
36.PNG,507,441,L,L,True,0.03760504859405958
3840.PNG,665,589,L,L,True,0.015693733484815606
8480.PNG,553,447,L,L,True,0.011634727801578537
1467.PNG,782,464,L,L,True,0.09398425787106447
6201.PNG,839,415,L,L,True,0.009808004365495355
2465.PNG,676,440,L,L,True,0.009810381925766542
479.PNG,746,580,L,L,True,0.14306878062309328
6562.PNG,1072,660,L,L,True,0.05195612844866576
3995.PNG,854,600,L,L,True,0.01303864168618267
528.PNG,746,498,L,L,True,0.02051638188141305
5928.PNG,616,480,L,L,True,0.03891369047619048
8004.PNG,508,480,L,L,True,0.09140009842519685
1913.PNG,837,669,L,L,True,0.31247979741156845
6884.PNG,610,478,L,L,True,0.06261746347486111
1972.PNG,610,477,L,L,True,0.006897618311166099
5893.PNG,553,444,L,L,True,0.0027246957626704464
6596.PNG,598,660,L,L,True,0.10274399513529948
4402.PNG,365,425,L,L,True,0.20348106365834004
7075.PNG,760,600,L,L,True,0.2785877192982456
6211.PNG,633,529,L,L,True,0.014922787936342977
2962.PNG,782,469,L,L,True,0.08587406409676135
3882.PNG,525,583,L,L,True,0.06964959568733153
2388.PNG,610,477,L,L,True,0.007402825033508609
729.PNG,852,496,L,L,True,0.3331487581402393
4345.PNG,537,427,L,L,True,0.03572191767081409
2111.PNG,610,477,L,L,True,0.012039041825617762
4944.PNG,616,480,L,L,True,0.011451569264069265
4045.PNG,799,600,L,L,True,0.03030037546933667
6314.PNG,505,478,L,L,True,0.22456191225817143
1915.PNG,505,479,L,L,True,0.41246408565699993
8104.PNG,614,487,L,L,True,0.004344220080396498
1188.PNG,852,428,L,L,True,0.03282819972796279
6115.PNG,699,501,L,L,True,0.06566266608414073
7650.PNG,635,474,L,L,True,0.03182497757400578
6539.PNG,1072,660,L,L,True,0.005841530981456355
2806.PNG,831,498,L,L,True,0.005951604250938773
8699.PNG,504,480,L,L,True,0.051802248677248676
9006.PNG,496,624,L,L,True,0.0061970119933829615
1756.PNG,505,479,L,L,True,0.15939147150623204
6485.PNG,590,610,L,1,True,0.296121144762434
7569.PNG,504,480,L,L,True,0.042708333333333334
1386.PNG,797,574,L,L,True,0.010435474492762494
8464.PNG,504,448,L,L,True,0.00925187783446712
3603.PNG,964,582,L,L,True,0.07247151758851293
3723.PNG,647,545,L,L,True,0.03983948499071225
2236.PNG,610,477,L,L,True,0.005595078530432691
684.PNG,1024,679,L,L,True,0.03654558634020619
4239.PNG,1024,465,L,L,True,0.011034106182795699
7246.PNG,612,390,L,L,True,0.07159795542148484
2702.PNG,829,498,L,L,True,0.05029769257972784
4682.PNG,846,512,L,L,True,0.03829602541371158
5326.PNG,701,566,L,L,True,0.3348850455936245
8765.PNG,508,480,L,L,True,0.017704232283464568
3929.PNG,999,653,L,L,True,0.016249020843201546
9252.PNG,760,600,L,L,True,0.15216008771929826
4233.PNG,1024,466,L,L,True,0.01535675965665236
6513.PNG,650,600,L,L,True,0.4332641025641026
8305.PNG,640,487,L,L,True,0.01815002566735113
9228.PNG,1101,687,L,L,True,0.012143254709560054
7937.PNG,702,387,L,L,True,0.017174996503161878
5969.PNG,454,351,L,L,True,0.040237458739661384
239.PNG,998,586,L,L,True,0.23973373367896203
6067.PNG,506,483,L,L,True,0.0244191850997144
799.PNG,544,426,L,L,True,0.40458436895885114
343.PNG,813,547,L,L,True,0.01154907344320244
5514.PNG,745,587,L,L,True,0.03655717274733316
4303.PNG,762,500,L,L,True,0.03296587926509186
5498.PNG,742,587,L,1,True,0.4398513157955156
1502.PNG,744,525,L,L,True,0.1685304659498208
2546.PNG,852,476,L,L,True,0.008255414841993136
6177.PNG,505,478,L,1,True,0.1732466133642653
573.PNG,743,580,L,L,True,0.2804033044043254
7623.PNG,504,480,L,L,True,0.006890707671957672
4472.PNG,712,564,L,L,True,0.03835215953462427
6018.PNG,504,352,L,L,True,0.03635123556998557
2068.PNG,610,477,L,L,True,0.014884696016771488
9746.PNG,504,333,L,L,True,0.042441250774584105
1568.PNG,671,603,L,L,True,0.12746748127222804
5322.PNG,815,548,L,L,True,0.05159867448837938
3753.PNG,858,589,L,L,True,0.021281774252911775
8404.PNG,508,480,L,L,True,0.010510990813648294
1072.PNG,635,426,L,L,True,0.014572474215370966
7931.PNG,504,480,L,L,True,0.01579861111111111
4379.PNG,365,425,L,L,True,0.04313295729250605
7644.PNG,504,480,L,L,True,0.009375
9613.PNG,1031,660,L,L,True,0.0042280222202627634
3358.PNG,743,497,L,L,True,0.015489978904381876
2475.PNG,1031,660,L,L,True,0.03724980160479675
9160.PNG,544,446,L,L,True,0.006157676074914271
4261.PNG,533,445,L,L,True,0.07224740181714695
938.PNG,849,499,L,L,True,0.39522625935026706
2162.PNG,611,382,L,L,True,0.040355266878604294
4422.PNG,680,550,L,L,True,0.0035320855614973264
3020.PNG,806,412,L,L,True,0.01649341106747934
7929.PNG,504,380,L,L,True,0.004464285714285714
4680.PNG,757,507,L,L,True,0.047860989736815365
3721.PNG,356,356,L,L,True,0.02936813533644742
6103.PNG,698,565,L,L,True,0.19021984430864416
6033.PNG,815,539,L,L,True,0.06478709721479221
2113.PNG,607,342,L,L,True,0.1854966906557993
8997.PNG,1260,815,L,L,True,0.006005453306066803
2544.PNG,630,499,L,L,True,0.207459363170786
7670.PNG,634,488,L,L,True,0.039435408801778975
4588.PNG,680,616,L,L,True,0.006063789152024446
9051.PNG,504,420,L,L,True,0.012240173847316705
6105.PNG,781,574,L,L,True,0.04853734379670484
2854.PNG,809,548,L,L,True,0.0203955500618047
7895.PNG,504,338,L,L,True,0.03778059547290317
1728.PNG,609,477,L,L,True,0.1335144048221472
8641.PNG,547,452,L,L,True,0.016570675122551
6742.PNG,504,478,L,L,True,0.11336504615793319
3269.PNG,744,582,L,L,True,0.03327190259764254
2914.PNG,858,583,L,L,True,0.04972671696513892
601.PNG,745,582,L,L,True,0.21093198643880162
9490.PNG,760,600,L,L,True,0.042173245614035085
269.PNG,858,581,L,L,True,0.07806249974924674
6131.PNG,1024,549,L,L,True,0.0869140625
7211.PNG,616,479,L,L,True,0.03389773066182252
6365.PNG,760,600,L,1,True,0.09896491228070176
6339.PNG,683,509,L,L,True,0.07181134886824854
8882.PNG,504,480,L,L,True,0.013194444444444444
8180.PNG,640,487,L,L,True,0.014611139630390143
8709.PNG,504,480,L,L,True,0.10890376984126984
8150.PNG,504,356,L,L,True,0.02008092562867844
7625.PNG,640,488,L,L,True,0.016172515368852457
1954.PNG,720,500,L,L,True,0.037816666666666665
7658.PNG,1120,564,L,L,True,0.009797682370820668
3388.PNG,513,359,L,L,True,0.026177328185831336
7589.PNG,504,480,L,L,True,0.057056051587301586
8454.PNG,612,350,L,L,True,0.011671335200746966
2196.PNG,610,477,L,L,True,0.059085129051104926
1611.PNG,748,592,L,L,True,0.21145803223009105
2597.PNG,763,500,L,L,True,0.09944167758846657
2477.PNG,381,431,L,L,True,0.048388962980555505
3084.PNG,831,669,L,L,True,0.02653168782906038
1436.PNG,857,586,L,L,True,0.1075085324232082
8626.PNG,504,339,L,L,True,0.005893852132790186
1706.PNG,850,399,L,L,True,0.012814388913460121
4153.PNG,610,477,L,L,True,0.2806921675774135
2634.PNG,728,534,L,L,True,0.020293143186401612
4901.PNG,616,480,L,1,True,0.04218073593073593
1244.PNG,1024,415,L,L,True,0.020776073042168674
9384.PNG,760,600,L,L,True,0.016214912280701755
3985.PNG,432,446,L,L,True,0.4809261335326358
1172.PNG,720,500,L,L,True,0.18548333333333333
448.PNG,743,582,L,L,True,0.3297581551525579
7772.PNG,504,480,L,L,True,0.017642195767195768
3529.PNG,526,377,L,L,True,0.020433480247299574
3963.PNG,973,562,L,L,True,0.12932267302578881
3264.PNG,745,589,L,L,True,0.00751130912364262
1148.PNG,720,500,L,L,True,0.05360555555555555
8542.PNG,1102,744,L,L,True,0.012406572605038737
661.PNG,920,642,L,L,True,0.014118583231748612
2780.PNG,858,581,L,L,True,0.020010110371556155
6249.PNG,796,500,L,L,True,0.3275050251256281
7027.PNG,504,478,L,L,True,0.09223284850899914
2902.PNG,767,603,L,L,True,0.09282574524163191
55.PNG,858,586,L,L,True,0.18088140528413565
4566.PNG,712,564,L,L,True,0.0627764164475257
8554.PNG,504,271,L,L,True,0.05920166344520588
1609.PNG,674,410,L,L,True,0.08501483679525222
8073.PNG,456,373,L,L,True,0.04303654578806265
2052.PNG,610,438,L,L,True,0.013365521371360132
8661.PNG,812,472,L,L,True,0.027884173833180263
1615.PNG,713,556,L,L,True,0.0801002956400658
431.PNG,838,587,L,L,True,0.2145125288164812
6669.PNG,1031,660,L,1,True,0.08716456514710637
3068.PNG,711,600,L,L,True,0.1127402719174871
7224.PNG,617,464,L,L,True,0.06249301402783211
3032.PNG,809,547,L,L,True,0.037534772203930644
3796.PNG,425,381,L,L,True,0.026814883433688437
4143.PNG,1024,522,L,L,True,0.023166232638888888
8703.PNG,508,480,L,L,True,0.024311023622047245
5362.PNG,504,440,L,L,True,0.07299332611832612
7678.PNG,816,526,L,L,True,0.014470569596659957
9308.PNG,760,600,L,L,True,0.14176535087719297
3735.PNG,544,545,L,L,True,0.07637951969778738
7907.PNG,640,487,L,L,True,0.014704183778234086
7631.PNG,614,474,L,L,True,0.0177160213856705
1226.PNG,720,500,L,L,True,0.01782777777777778
5932.PNG,507,482,L,L,True,0.02298935238609672
4690.PNG,839,574,L,L,True,0.01778913838857442
111.PNG,460,602,L,L,True,0.20217752419471327
8488.PNG,504,408,L,L,True,0.00869514472455649
333.PNG,575,602,L,L,True,0.5071443016033511
4725.PNG,839,574,L,L,True,0.02320250173385439
2383.PNG,610,477,L,L,True,0.015300546448087432
3213.PNG,744,582,L,L,True,0.010332372612053357
3946.PNG,627,526,L,L,True,0.06731614726411604
3757.PNG,1024,581,L,L,True,0.013843319707401033
8570.PNG,504,480,L,L,True,0.04323743386243386
2873.PNG,856,581,L,L,True,0.07363633438962794
6826.PNG,610,372,L,L,True,0.008038075092543628
4231.PNG,1024,466,L,L,True,0.01101671472639485
4789.PNG,856,587,L,L,True,0.036738365520864846
6613.PNG,1031,660,L,L,True,0.04632895394292096
1408.PNG,846,512,L,L,True,0.06521036495271867
3356.PNG,745,587,L,L,True,0.008122291711923899
1004.PNG,818,539,L,L,True,0.015613446979147294
1182.PNG,720,500,L,L,True,0.008433333333333333
5589.PNG,806,548,L,L,True,0.040440310807628915
9508.PNG,1031,660,L,L,True,0.01798783176086765
4458.PNG,882,617,L,L,True,0.013208524901046318
8484.PNG,636,483,L,L,True,0.01843170957198849
3161.PNG,896,660,L,L,True,0.011546266233766233
7148.PNG,616,479,L,L,True,0.09427107339424667
6762.PNG,610,477,L,L,True,0.05639069319861154
4735.PNG,839,574,L,L,True,0.010486185229637074
7248.PNG,590,479,L,L,True,0.12326881568238916
3681.PNG,1019,696,L,L,True,0.018962979256201145
7233.PNG,617,481,L,L,True,0.14803370881166666
2682.PNG,859,581,L,L,True,0.013725281969387612
1928.PNG,479,427,L,L,True,0.4219172456278449
6316.PNG,826,538,L,L,True,0.01553147249700712
3701.PNG,858,582,L,L,True,0.14321646280409167
7138.PNG,936,617,L,L,True,0.11262623114324898
8286.PNG,655,313,L,L,True,0.07571641099431749
2.PNG,610,477,L,L,True,0.007375330790115819
9059.PNG,508,480,L,L,True,0.011663385826771653
7169.PNG,616,479,L,L,True,0.17763264918797278
3223.PNG,795,548,L,L,True,0.006323738695312858
6133.PNG,1024,579,L,L,True,0.056342090349740935
3340.PNG,589,610,L,L,True,0.020676890534108937
8911.PNG,616,480,L,L,True,0.025788014069264068
1897.PNG,837,668,L,L,True,0.29069996208300247
4866.PNG,616,479,L,1,True,0.10254724398774503
531.PNG,755,577,L,L,True,0.03215306391818839
6720.PNG,808,567,L,L,True,0.05803735135418304
4928.PNG,616,479,L,L,True,0.4557180815009625
1876.PNG,630,499,L,L,True,0.1561631198905748
4509.PNG,712,520,L,L,True,0.02139152981849611
5380.PNG,507,483,L,L,True,0.006925812945879835
5436.PNG,440,480,L,1,True,0.24576704545454545
6027.PNG,1125,564,L,L,True,0.004376674546887313
4648.PNG,1024,579,L,L,True,0.016711193868739205
6053.PNG,504,377,L,L,True,0.04491389836217422
5251.PNG,408,356,L,L,True,0.2131320224719101
2393.PNG,610,477,L,L,True,0.07289067601470942
7596.PNG,815,550,L,L,True,0.0066235359732292245
3685.PNG,715,500,L,L,True,0.03218181818181818
2605.PNG,776,500,L,L,True,0.18923969072164948
4412.PNG,833,565,L,L,True,0.010732080442796587
1356.PNG,712,407,L,L,True,0.05616942274245645
9330.PNG,896,660,L,L,True,0.01893432088744589
1730.PNG,690,588,L,L,True,0.37393522626441883
6073.PNG,505,437,L,L,True,0.10378140788907265
3350.PNG,743,580,L,L,True,0.042818025711235906
9306.PNG,760,600,L,L,True,0.02362061403508772
9516.PNG,996,702,L,L,True,0.026690808819322877
8831.PNG,1192,566,L,L,True,0.030979498185785093
7685.PNG,435,303,L,L,True,0.07441295853723304
4183.PNG,1024,466,L,L,True,0.0101931330472103
3422.PNG,500,283,L,L,True,0.02945583038869258
3693.PNG,809,547,L,L,True,0.17201591781670106
9621.PNG,1031,660,L,L,True,0.04233753637245393
8977.PNG,496,624,L,L,True,0.024972213606286188
6468.PNG,715,552,L,L,True,0.11954494780581737
3495.PNG,504,341,L,L,True,0.004532653726202113
9356.PNG,1031,660,L,L,True,0.01082503012667901
9274.PNG,996,676,L,L,True,0.013225980846462775
5534.PNG,743,580,L,L,True,0.1220517937531907
2530.PNG,1002,549,L,L,True,0.022743220298928554
559.PNG,749,581,L,L,True,0.13969285495979722
7346.PNG,616,476,L,L,True,0.19416402924806286
7739.PNG,504,443,L,L,True,0.03991096062202157
5222.PNG,504,429,L,L,True,0.061235061235061235
5846.PNG,616,487,L,L,True,0.01647043921171231
7792.PNG,784,402,L,L,True,0.009909000913798356
9258.PNG,760,600,L,L,True,0.047587719298245616
3444.PNG,510,304,L,L,True,0.013577141382868937
6371.PNG,760,600,L,L,True,0.034980263157894737
3193.PNG,745,589,L,L,True,0.007818962865053953
3300.PNG,743,510,L,L,True,0.030285276964083077
223.PNG,829,499,L,L,True,0.030915872758786572
3890.PNG,674,483,L,L,True,0.014803005449373659
9134.PNG,508,480,L,L,True,0.031631397637795274
2770.PNG,857,582,L,L,True,0.050144955430716114
8341.PNG,504,480,L,L,True,0.01989914021164021
9276.PNG,948,705,L,L,True,0.036614597360624834
3272.PNG,752,587,L,L,True,0.011721156982855486
8540.PNG,508,480,L,L,True,0.2377214566929134
9220.PNG,896,660,L,L,True,0.012434050324675325
8594.PNG,680,457,L,L,True,0.08790706654653109
7947.PNG,504,480,L,1,True,0.14440724206349206
9692.PNG,1008,660,L,L,True,0.08275312650312651
3227.PNG,847,631,L,L,True,0.09248639273131422
1492.PNG,813,547,L,L,True,0.3158635608293926
9186.PNG,508,480,L,L,True,0.07132135826771653
7023.PNG,610,477,L,L,True,0.008127985702993435
9729.PNG,1031,660,L,L,True,0.021267965787849397
3183.PNG,745,580,L,L,True,0.02065262670678084
8470.PNG,508,480,L,L,True,0.03962024278215223
1338.PNG,833,565,L,L,True,0.014962445155053171
3208.PNG,743,582,L,L,True,0.13159939504100124
8077.PNG,504,470,L,L,True,0.0036052009456264775
8954.PNG,640,487,L,L,True,0.023257828542094457
3536.PNG,489,266,L,L,True,0.13443885788089857
5634.PNG,609,477,L,L,True,0.055663991903419356
8691.PNG,509,482,L,L,True,0.0523074289347757
2942.PNG,857,581,L,L,True,0.02644818313092343
1228.PNG,630,499,L,L,True,0.487476540382352
9702.PNG,1031,660,L,L,True,0.020255415454251535
2742.PNG,783,471,L,L,True,0.05255251591000914
1681.PNG,487,537,L,L,True,0.13963039014373715
5672.PNG,504,480,L,1,True,0.018225033068783068
3639.PNG,838,502,L,L,True,0.012204166627047895
9110.PNG,616,480,L,L,True,0.03413487554112554
4660.PNG,731,577,L,L,True,0.003627423320301479
4520.PNG,821,532,L,L,True,0.003505261326275494
6766.PNG,610,446,L,L,True,0.04534661471734176
5038.PNG,616,479,L,1,True,0.05091437789767644
5446.PNG,695,546,L,1,True,0.05913510949482172
4442.PNG,772,616,L,L,True,0.12011094475472714
2013.PNG,616,478,L,L,True,0.18799584306906483
8574.PNG,504,328,L,L,True,0.05310564266356949
6291.PNG,807,542,L,L,True,0.13520990228489646
2808.PNG,857,581,L,L,True,0.24017255888029532
4369.PNG,365,425,L,L,True,0.047297340854149876
9464.PNG,896,660,L,L,True,0.01231737012987013
1690.PNG,632,600,L,L,True,0.08966244725738397
8172.PNG,808,535,L,L,True,0.018807254557231423
6901.PNG,610,411,L,L,True,0.056627178812173426
3755.PNG,857,554,L,L,True,0.02748442429935675
3525.PNG,526,377,L,L,True,0.02700930903369608
9216.PNG,610,476,L,L,True,0.025458052073288332
9615.PNG,1031,660,L,L,True,0.01985421626546748
4117.PNG,1024,578,L,L,True,0.007043752703287197
2638.PNG,991,629,L,L,True,0.14100994803790554
2246.PNG,610,478,L,L,True,0.046779614514027026
135.PNG,630,499,L,L,True,0.5239463053090307
9514.PNG,610,476,L,L,True,0.0358589337374294
9118.PNG,508,480,L,L,True,0.021243438320209973
1795.PNG,384,427,L,L,True,0.26465529859484777
3274.PNG,743,589,L,L,True,0.03599869295084627
412.PNG,1024,683,L,L,True,0.32997231881405564
6389.PNG,1031,660,L,L,True,0.02579137642183229
2375.PNG,610,325,L,L,True,0.005261034047919294
3926.PNG,813,444,L,L,True,0.01846403599171127
7575.PNG,553,444,L,L,True,0.039029535864978905
2520.PNG,632,600,L,L,True,0.013531118143459916
4791.PNG,767,555,L,L,True,0.01265724655555164
3440.PNG,509,342,L,L,True,0.014935833362056089
6724.PNG,610,456,L,L,True,0.010799539833189532
4550.PNG,824,476,L,L,True,0.01865005711022273
1236.PNG,720,500,L,L,True,0.21860555555555555
8309.PNG,815,549,L,L,True,0.011814006503737973
8995.PNG,439,256,L,L,True,0.07285734624145786
6576.PNG,1008,660,L,L,True,0.05646194083694084
30.PNG,514,457,L,L,True,0.01785455814864324
4075.PNG,760,600,L,L,True,0.024548245614035086
5574.PNG,743,580,L,1,True,0.2752007239987005
5308.PNG,504,460,L,L,True,0.01910369220151829
9574.PNG,996,702,L,L,True,0.02264757033833339
8697.PNG,504,480,L,L,True,0.022995205026455027
8196.PNG,784,379,L,L,True,0.11537814334176942
3832.PNG,1001,610,L,L,True,0.07507738163475869
9544.PNG,1058,702,L,L,True,0.023455802756369864
2709.PNG,690,665,L,L,True,0.3827067669172932
639.PNG,601,515,L,L,True,0.112689207308208
8848.PNG,504,336,L,L,True,0.020000708616780046
489.PNG,743,528,L,L,True,0.1688868836412578
9136.PNG,633,480,L,L,True,0.06107490784623486
8.PNG,466,600,L,L,True,0.2207868383404864
7718.PNG,507,483,L,1,True,0.07074864934396707
5227.PNG,504,369,L,L,True,0.04099991396739364
2784.PNG,976,600,L,L,True,0.24848531420765027
3364.PNG,1024,579,L,L,True,0.01290276878238342
422.PNG,1024,679,L,L,True,0.19449126702871872
930.PNG,609,428,L,L,True,0.061871767720945936
1164.PNG,720,500,L,L,True,0.09095277777777777
6127.PNG,1024,549,L,L,True,0.045467967326958104
761.PNG,858,589,L,L,True,0.05161844380859661
8987.PNG,615,482,L,L,True,0.09089161016091489
1661.PNG,826,538,L,L,True,0.21594867548178617
4289.PNG,630,499,L,L,True,0.013706778636638356
6299.PNG,720,598,L,L,True,0.032631921218877744
4123.PNG,1024,466,L,L,True,0.00961893106223176
7149.PNG,404,462,L,L,True,0.32762740559770265
8436.PNG,504,480,L,L,True,0.028273809523809524
3552.PNG,528,371,L,L,True,0.02103242669280405
5680.PNG,812,525,L,L,True,0.04899835796387521
146.PNG,706,454,L,L,True,0.4394179531017958
8067.PNG,507,483,L,L,True,0.02693961556837811
7686.PNG,680,457,L,L,True,0.04326168104003089
2268.PNG,610,414,L,L,True,0.07688287004038964
6497.PNG,760,600,L,L,True,0.09720175438596491
2944.PNG,813,547,L,L,True,0.11882323576435033
2096.PNG,610,477,L,L,True,0.023937175653847474
8777.PNG,640,488,L,L,True,0.013428534836065573
597.PNG,750,535,L,L,True,0.23945669781931464
2174.PNG,610,477,L,L,True,0.01350311028628381
9224.PNG,1072,660,L,L,True,0.020943577566711894
262.PNG,809,547,L,L,True,0.1275052370159291
8532.PNG,680,457,L,L,True,0.009039129875144805
8428.PNG,634,488,L,L,True,0.02694963024254021
7147.PNG,616,479,L,L,True,0.20159355258520187
8949.PNG,508,398,L,L,True,0.02128754006251731
3844.PNG,1024,607,L,L,True,0.06626949907331137
2280.PNG,504,429,L,L,True,0.1410903910903911
3262.PNG,742,528,L,L,True,0.029835926651964387
241.PNG,832,663,L,L,True,0.1566325124724446
3070.PNG,760,600,L,L,True,0.02193201754385965
6903.PNG,610,477,L,L,True,0.07027872289239441
3653.PNG,1019,696,L,L,True,0.07350428073500051
1080.PNG,807,581,L,L,True,0.033559623517969914
5617.PNG,920,642,L,L,True,0.013827373696329406
9238.PNG,613,480,L,L,True,0.03534189777052746
329.PNG,739,594,L,L,True,0.2685606630126251
5388.PNG,504,440,L,L,True,0.11292839105339106
1673.PNG,487,537,L,L,True,0.009475410964404116
8723.PNG,1024,617,L,L,True,0.03499480854943274
730.PNG,852,496,L,L,True,0.29125255565651975
7766.PNG,504,377,L,L,True,0.03176708349122142
5753.PNG,618,480,L,L,True,0.06062904530744337
9081.PNG,640,488,L,L,True,0.014933401639344262
9680.PNG,1031,660,L,L,True,0.005652058901331452
2272.PNG,610,477,L,L,True,0.04567824861669588
358.PNG,731,493,L,L,True,0.15015969121739928
9682.PNG,1031,660,L,L,True,0.06743820356817447
289.PNG,856,581,L,L,True,0.23978155613106633
1110.PNG,1024,578,L,L,True,0.1901323259083045
7304.PNG,610,459,L,L,True,0.07390621093610486
567.PNG,746,585,L,L,True,0.14031529983272611
693.PNG,837,506,L,L,True,0.08497787600171892
8858.PNG,815,517,L,L,True,0.017042636256838058
1426.PNG,838,664,L,L,True,0.24793505765304655
3064.PNG,765,600,L,L,True,0.07894553376906319
1339.PNG,712,446,L,L,True,0.007932559076938581
623.PNG,526,377,L,L,True,0.37491805428084435
7762.PNG,504,480,L,L,True,0.012776951058201058
9278.PNG,912,600,L,L,True,0.023865131578947367
815.PNG,923,789,L,L,True,0.257039163910047
1938.PNG,443,233,L,L,True,0.246427498813203
6495.PNG,1094,682,L,L,True,0.195505208361256
7220.PNG,616,476,L,L,True,0.14090977300010912
8355.PNG,640,488,L,L,True,0.03650422643442623
5787.PNG,459,273,L,1,True,0.1142314475647809
5450.PNG,486,420,L,L,True,0.15244464040760336
7336.PNG,614,478,L,L,True,0.025925749253812712
4.PNG,506,479,L,L,True,0.2440030696361821
8071.PNG,785,582,L,L,True,0.019712390833278613
2241.PNG,610,428,L,L,True,0.021361268576681476
4430.PNG,680,616,L,L,True,0.026652024446142092
3691.PNG,805,546,L,L,True,0.04097331240188383
7838.PNG,504,289,L,L,True,0.13908112264513647
6364.PNG,760,600,L,L,True,0.13657017543859648
9498.PNG,650,600,L,L,True,0.0649051282051282
1274.PNG,698,501,L,L,True,0.11215391566437326
1331.PNG,712,564,L,L,True,0.05236473025739103
3187.PNG,743,589,L,L,True,0.007732612475921275
2359.PNG,610,477,L,L,True,0.012025294703921366
4477.PNG,854,562,L,L,True,0.12795969563369364
1635.PNG,714,555,L,L,True,0.03495091730385848
9536.PNG,760,600,L,L,True,0.013739035087719299
5907.PNG,507,483,L,L,True,0.051228964272442536
8058.PNG,613,480,L,L,True,0.01785277324632953
69.PNG,630,499,L,L,True,0.18455323345102903
2939.PNG,857,580,L,L,True,0.07401722126101477
8192.PNG,504,333,L,L,True,0.09774655607988941
1553.PNG,831,538,L,L,True,0.05723833425039926
1287.PNG,712,564,L,L,True,0.013793429755358994
4785.PNG,832,669,L,L,True,0.0336089312406577
4491.PNG,764,633,L,L,True,0.005353465174561425
260.PNG,779,620,L,L,True,0.2521553687523293
88.PNG,797,574,L,L,True,0.043453455685300714
4733.PNG,762,500,L,L,True,0.05641994750656168
1774.PNG,712,523,L,L,True,0.04699013899929104
253.PNG,858,583,L,L,True,0.04336344044748847
8544.PNG,612,459,L,L,True,0.14376949036695288
8046.PNG,816,545,L,L,True,0.00467934880374168
5730.PNG,504,431,L,L,True,0.10671472765440283
2922.PNG,857,581,L,L,True,0.25070845140856807
9180.PNG,452,427,L,L,True,0.02076640898634225
4057.PNG,854,600,L,L,True,0.030659640905542546
171.PNG,858,582,L,L,True,0.06291903972316343
3719.PNG,537,357,L,L,True,0.11067816325785436
7897.PNG,506,479,L,L,True,0.054882124320265374
107.PNG,702,565,L,L,True,0.14323929102690164
6541.PNG,760,600,L,L,True,0.013322368421052631
5767.PNG,504,371,L,L,True,0.07556261498310016
18.PNG,598,660,L,L,True,0.11890898956116347
4039.PNG,854,600,L,L,True,0.18224434035909445
9004.PNG,508,480,L,L,True,0.04417240813648294
3868.PNG,541,516,L,L,True,0.004775107825015404
5869.PNG,507,483,L,L,True,0.12110371976592713
2906.PNG,857,580,L,L,True,0.07399106747676337
1206.PNG,852,485,L,L,True,0.030008228062533275
1388.PNG,856,466,L,L,True,0.1481814808872488
4083.PNG,820,538,L,L,True,0.03439115060295584
7796.PNG,506,480,L,L,True,0.012907608695652174
9154.PNG,504,421,L,L,True,0.04315122723673793
1285.PNG,712,564,L,L,True,0.07029942624910351
9096.PNG,508,480,L,L,True,0.0047941272965879266
3173.PNG,1031,660,L,L,True,0.03679863621667696
5601.PNG,592,487,L,L,True,0.3055490038292913
7202.PNG,502,466,L,L,True,0.09225757912555785
8909.PNG,504,480,L,L,True,0.021631117724867723
996.PNG,1029,629,L,L,True,0.030084620720875224
6331.PNG,852,458,L,1,True,0.3190925026139369
8785.PNG,1120,567,L,L,True,0.006075207860922147
1176.PNG,720,500,L,L,True,0.2828361111111111
813.PNG,750,789,L,L,True,0.25527672158850867
3741.PNG,857,587,L,L,True,0.0131833442995752
970.PNG,854,600,L,L,True,0.12094067135050741
3155.PNG,1031,660,L,L,True,0.005660876465920113
619.PNG,616,479,L,L,True,0.08408006398611827
4793.PNG,860,665,L,L,True,0.056235355831439064
5468.PNG,858,586,L,L,True,0.19348114911254843
4081.PNG,592,316,L,L,True,0.04528203044816969
1486.PNG,783,466,L,L,True,0.053330154188523285
6439.PNG,809,547,L,L,True,0.03235312062875828
93.PNG,799,493,L,L,True,0.06850601791793494
4157.PNG,1024,466,L,L,True,0.008397180123390559
1867.PNG,738,582,L,L,True,0.14005764628093018
8379.PNG,504,369,L,L,True,0.014593280853443455
3004.PNG,654,601,L,L,True,0.034951940445842045
8860.PNG,784,401,L,L,True,0.026884319812713116
61.PNG,813,547,L,L,True,0.12442012902761569
3430.PNG,507,339,L,L,True,0.020433692319328806
1268.PNG,772,508,L,L,True,0.07944137326098487
3163.PNG,896,660,L,L,True,0.09784733495670996
1646.PNG,831,597,L,L,True,0.008435680206084574
7923.PNG,504,255,L,L,True,0.20339246809835046
6770.PNG,610,477,L,L,True,0.09648761040657113
741.PNG,980,675,L,L,True,0.027948601662887377
5162.PNG,504,348,L,L,True,0.014538861521620143
1162.PNG,720,500,L,L,True,0.3313111111111111
1555.PNG,674,607,L,L,True,0.19787445186963173
3209.PNG,752,582,L,L,True,0.11855670103092783
7011.PNG,504,479,L,L,True,0.019489180501706598
9696.PNG,650,600,L,L,True,0.0068153846153846155
6014.PNG,815,469,L,L,True,0.047758577838240876
2748.PNG,857,581,L,L,True,0.019949107983860764
860.PNG,836,586,L,L,True,0.2753278246811568
3159.PNG,896,660,L,L,True,0.1886904761904762
2293.PNG,610,468,L,L,True,0.05258161692587922
5195.PNG,504,483,L,1,True,0.05456965394853593
5183.PNG,408,342,L,L,True,0.03620571035431717
8866.PNG,1280,566,L,L,True,0.0131211351590106
680.PNG,1024,679,L,L,True,0.1558717438328424
3151.PNG,1024,679,L,L,True,0.014506052098674522
4770.PNG,858,583,L,L,True,0.01031558492965011
7287.PNG,616,480,L,L,True,0.05505952380952381
8735.PNG,640,488,L,L,True,0.008315189549180329
894.PNG,496,455,L,L,True,0.06370524636653668
1130.PNG,1024,581,L,L,True,0.24265645169965577
5546.PNG,770,581,L,L,True,0.14411113843127613
8938.PNG,815,469,L,L,True,0.003657435870603163
5472.PNG,813,547,L,L,True,0.08423448037039785
6800.PNG,610,476,L,L,True,0.012326077972172476
7600.PNG,768,560,L,L,True,0.007845052083333333
215.PNG,857,582,L,L,True,0.010335342259219607
6527.PNG,1031,660,L,L,True,0.24862739911236517
8956.PNG,504,390,L,L,True,0.05992572242572242
3816.PNG,784,416,L,L,True,0.01038804945054945
7879.PNG,616,487,L,L,True,0.035050934691591776
4474.PNG,833,565,L,L,True,0.013417756483124222
5740.PNG,614,483,L,L,True,0.0025930496826970413
2170.PNG,611,439,L,L,True,0.03251699107851873
9678.PNG,760,600,L,L,True,0.05142105263157895
8789.PNG,614,483,L,L,True,0.008150066427930753
2066.PNG,610,420,L,L,True,0.04016783762685402
4387.PNG,365,425,L,L,True,0.04959226430298146
7743.PNG,504,480,L,L,True,0.04618468915343915
767.PNG,425,373,L,L,True,0.15846711875098565
8610.PNG,440,480,L,L,True,0.040071022727272726
1394.PNG,846,512,L,L,True,0.02272412455673759
4482.PNG,772,616,L,L,True,0.00906104905457237
3595.PNG,924,642,L,L,True,0.009598656794918477
8062.PNG,634,488,L,L,True,0.023746573925634794
1799.PNG,288,225,L,L,True,0.2424537037037037
7602.PNG,504,320,L,L,True,0.022011408730158732
1218.PNG,720,500,L,L,True,0.06071666666666667
4526.PNG,712,564,L,L,True,0.034058988764044944
7788.PNG,508,480,L,L,True,0.02066929133858268
8434.PNG,507,483,L,L,True,0.026755852842809364
5799.PNG,685,493,L,L,True,0.3213070579351801
3803.PNG,409,349,L,L,True,0.011559397790403598
868.PNG,496,455,L,L,True,0.019297235023041474
5003.PNG,616,476,L,L,True,0.12944382298373894
7746.PNG,440,304,L,L,True,0.026435406698564593
5895.PNG,504,434,L,L,True,0.024339843464267426
9635.PNG,1031,660,L,L,True,0.006799811891955442
8717.PNG,504,448,L,L,True,0.010797548185941043
3127.PNG,856,580,L,L,True,0.04298662584595553
5726.PNG,437,481,L,L,True,0.11102441994890508
722.PNG,412,210,L,L,True,0.1425913083680074
445.PNG,753,370,L,L,True,0.4461110512903342
1335.PNG,824,430,L,L,True,0.006719914201851434
3054.PNG,513,392,L,L,True,0.13652683295540438
1315.PNG,833,565,L,L,True,0.06223161831104123
8653.PNG,701,560,L,L,True,0.050407581006725086
1688.PNG,347,357,L,L,True,0.012229675731964255
3302.PNG,745,500,L,L,True,0.1542738255033557
9232.PNG,1008,660,L,L,True,0.011121632996632996
2040.PNG,610,477,L,L,True,0.030704196308897824
8200.PNG,745,589,L,L,True,0.05010881826779549
6282.PNG,920,592,L,1,True,0.1553044212690952
8586.PNG,504,480,L,L,True,0.21769593253968253
8913.PNG,616,448,L,L,True,0.06027872796846011
3404.PNG,496,317,L,L,True,0.02225373969675384
7281.PNG,614,472,L,L,True,0.025672169160271627
6772.PNG,504,478,L,L,True,0.022622368333665405
755.PNG,418,323,L,L,True,0.25779548787533146
4767.PNG,857,580,L,L,True,0.025379229871645273
5444.PNG,504,362,L,L,True,0.06269183548189074
8963.PNG,815,557,L,L,True,0.04233679549735106
5158.PNG,508,480,L,L,True,0.06332020997375327
1658.PNG,699,501,L,L,True,0.003843528964959923
1633.PNG,672,604,L,L,True,0.19872723509933773
9658.PNG,1100,687,L,L,True,0.008553658859335716
4195.PNG,1024,466,L,L,True,0.11612292113733906
3321.PNG,743,582,L,L,True,0.0198507952805798
9603.PNG,1031,660,L,L,True,0.01167592510948476
7756.PNG,699,496,L,L,True,0.042627140154137245
2632.PNG,717,524,L,L,True,0.11020792743300649
3783.PNG,410,349,L,L,True,0.22482353763365714
5763.PNG,506,483,L,L,True,0.05457491468833624
5922.PNG,504,426,L,L,True,0.03420988896341009
4487.PNG,712,403,L,L,True,0.016630886330052694
2516.PNG,632,600,L,L,True,0.044889240506329114
2362.PNG,504,469,L,L,True,0.027841235996886315
8016.PNG,507,483,L,L,True,0.03235857416459423
3211.PNG,751,589,L,L,True,0.19610524959363745
3386.PNG,524,327,L,L,True,0.025882998342554333
3567.PNG,355,381,L,L,True,0.0694687811910835
428.PNG,814,600,L,L,True,0.11866912366912367
1961.PNG,1024,582,L,L,True,0.034986777813573885
4035.PNG,854,600,L,L,True,0.2485831381733021
3360.PNG,743,582,L,L,True,0.14115016210866135
3008.PNG,809,547,L,L,True,0.014094182675250777
3794.PNG,425,381,L,L,True,0.02810560444650301
461.PNG,742,580,L,L,True,0.10373640672924993
8126.PNG,504,356,L,L,True,0.04272003745318352
9326.PNG,1008,660,L,L,True,0.023408189033189034
6537.PNG,760,600,L,L,True,0.022160087719298244
1982.PNG,610,453,L,L,True,0.020113632251293742
6620.PNG,650,600,L,L,True,0.10155384615384615
4644.PNG,846,512,L,L,True,0.026798906619385342
2840.PNG,858,577,L,L,True,0.02303733239608456
1839.PNG,470,311,L,L,True,0.4021002941780119
6568.PNG,760,600,L,L,True,0.22462938596491228
4125.PNG,1024,524,L,L,True,0.01733584804389313
4059.PNG,854,600,L,L,True,0.011795472287275566
6750.PNG,610,477,L,L,True,0.061872357975048975
9090.PNG,504,424,L,L,True,0.049261567834681046
3499.PNG,526,377,L,L,True,0.052026706740224506
7166.PNG,600,479,L,L,True,0.09633263743910926
6605.PNG,1031,660,L,L,True,0.006519119419216413
5720.PNG,504,482,L,L,True,0.16215504182309162
2698.PNG,832,665,L,L,True,0.039547787738577214
7199.PNG,616,479,L,L,True,0.16703833744543556
81.PNG,630,499,L,L,True,0.024665203422718454
6221.PNG,693,723,L,1,True,0.0315963427996623
307.PNG,783,471,L,L,True,0.1745477815468298
7964.PNG,912,564,L,L,True,0.02364649433868359
1985.PNG,504,478,L,L,True,0.11035979942883709
4570.PNG,908,555,L,L,True,0.030977894193753224
1216.PNG,720,500,L,L,True,0.30251666666666666
2501.PNG,966,575,L,L,True,0.030458187055540552
1526.PNG,736,598,L,L,True,0.387666769667006
8490.PNG,640,488,L,L,True,0.028922259221311475
8353.PNG,634,488,L,L,True,0.012563350054300046
6329.PNG,616,477,L,L,True,0.024377875792970134
5394.PNG,504,480,L,L,True,0.026099537037037036
7887.PNG,507,479,L,L,True,0.0491984863271197
7692.PNG,632,457,L,L,True,0.008441126776168185
2371.PNG,1024,578,L,L,True,0.00715526330017301
2345.PNG,610,477,L,L,True,0.0032855620854383614
2860.PNG,570,600,L,L,True,0.04597953216374269
2000.PNG,610,477,L,L,True,0.0156545348317696
4253.PNG,1024,578,L,L,True,0.01842797091262976
4642.PNG,797,574,L,L,True,0.0018099231001272192
3235.PNG,847,631,L,L,True,0.025350963688379045
9065.PNG,816,557,L,L,True,0.014512268102932376
8311.PNG,504,367,L,L,True,0.1513180658276026
7990.PNG,618,598,L,L,True,0.0993900921085387
2331.PNG,610,477,L,L,True,0.03439873526480393
7292.PNG,616,447,L,L,True,0.14185478950579622
3260.PNG,590,610,L,L,True,0.07549319255348708
4273.PNG,918,553,L,L,True,0.05609332340531149
2541.PNG,852,353,L,L,True,0.045661599436087726
7157.PNG,616,480,L,L,True,0.07642721861471861
7243.PNG,612,476,L,L,True,0.09325396825396826
5688.PNG,448,504,L,L,True,0.043938669217687076
2524.PNG,858,587,L,L,True,0.048567843286752996
2409.PNG,610,476,L,L,True,0.004494420719107315
5522.PNG,747,580,L,L,True,0.14936527720075704
6366.PNG,650,600,L,L,True,0.06458717948717949
7832.PNG,504,357,L,L,True,0.030617802676626206
2503.PNG,1024,578,L,L,True,0.06379250919117647
2696.PNG,858,580,L,L,True,0.03183023872679045
3711.PNG,648,545,L,L,True,0.023411484879374788
